"","BPS_ID","EVT_ID","freq","acres","GROUPVEG","bps_acres","EVT_PHYS","evt_acres"
"1",11,7292,206936,46021,"BPS  Open Water",46021,"EVT  Open Water",46021
"2",31,9115,11,2,"BPS  Barren-Rock/Sand/Clay",2,"EVT  Sparsely Vegetated",2
"3",1561,7238,856,190,"BPS  Hardwood",168971,"EVT  Hardwood",1634
"4",1561,7239,4026,895,"BPS  Hardwood",168971,"EVT  Conifer-Hardwood",11573
"5",1561,7240,1390,309,"BPS  Hardwood",168971,"EVT  Hardwood",2706
"6",1561,7241,11672,2596,"BPS  Hardwood",168971,"EVT  Conifer-Hardwood",59120
"7",1561,7242,2,0,"BPS  Hardwood",168971,"EVT  Hardwood",17
"8",1561,7243,1,0,"BPS  Hardwood",168971,"EVT  Conifer-Hardwood",10
"9",1561,7295,13,3,"BPS  Hardwood",168971,"EVT  Quarries-Strip Mines-Gravel Pits-Well and Wind Pads",18
"10",1561,7296,1035,230,"BPS  Hardwood",168971,"EVT  Developed-Low Intensity",1325
"11",1561,7297,292,65,"BPS  Hardwood",168971,"EVT  Developed-Medium Intensity",381
"12",1561,7298,68,15,"BPS  Hardwood",168971,"EVT  Developed-High Intensity",60
"13",1561,7299,13589,3022,"BPS  Hardwood",168971,"EVT  Developed-Roads",19850
"14",1561,7301,5588,1243,"BPS  Hardwood",168971,"EVT  Hardwood",54451
"15",1561,7302,619585,137793,"BPS  Hardwood",168971,"EVT  Hardwood",829885
"16",1561,7362,3312,737,"BPS  Hardwood",168971,"EVT  Conifer",16202
"17",1561,7366,8616,1916,"BPS  Hardwood",168971,"EVT  Conifer",56367
"18",1561,7481,20881,4644,"BPS  Hardwood",168971,"EVT  Riparian",156462
"19",1561,7905,16408,3649,"BPS  Hardwood",168971,"EVT  Developed",17983
"20",1561,7906,2335,519,"BPS  Hardwood",168971,"EVT  Developed",7863
"21",1561,7907,7200,1601,"BPS  Hardwood",168971,"EVT  Developed",12451
"22",1561,7908,670,149,"BPS  Hardwood",168971,"EVT  Developed",748
"23",1561,7909,302,67,"BPS  Hardwood",168971,"EVT  Developed",346
"24",1561,7925,370,82,"BPS  Hardwood",168971,"EVT  Developed",452
"25",1561,7926,129,29,"BPS  Hardwood",168971,"EVT  Developed",346
"26",1561,7927,104,23,"BPS  Hardwood",168971,"EVT  Developed",123
"27",1561,7928,6,1,"BPS  Hardwood",168971,"EVT  Developed",14
"28",1561,7929,63,14,"BPS  Hardwood",168971,"EVT  Developed",92
"29",1561,7970,1,0,"BPS  Hardwood",168971,"EVT  Agricultural",22
"30",1561,7973,171,38,"BPS  Hardwood",168971,"EVT  Agricultural",339
"31",1561,7974,25,6,"BPS  Hardwood",168971,"EVT  Agricultural",40
"32",1561,7975,50,11,"BPS  Hardwood",168971,"EVT  Agricultural",262
"33",1561,7976,253,56,"BPS  Hardwood",168971,"EVT  Agricultural",771
"34",1561,7977,2922,650,"BPS  Hardwood",168971,"EVT  Agricultural",8320
"35",1561,7978,2,0,"BPS  Hardwood",168971,"EVT  Agricultural",17
"36",1561,9055,115,26,"BPS  Hardwood",168971,"EVT  Riparian",3325
"37",1561,9056,4898,1089,"BPS  Hardwood",168971,"EVT  Riparian",77147
"38",1561,9057,25,6,"BPS  Hardwood",168971,"EVT  Riparian",783
"39",1561,9088,8,2,"BPS  Hardwood",168971,"EVT  Conifer",51
"40",1561,9089,21186,4712,"BPS  Hardwood",168971,"EVT  Conifer",101005
"41",1561,9111,31,7,"BPS  Hardwood",168971,"EVT  Conifer",33
"42",1561,9112,2895,644,"BPS  Hardwood",168971,"EVT  Conifer",35681
"43",1561,9114,11,2,"BPS  Hardwood",168971,"EVT  Riparian",156
"44",1561,9117,365,81,"BPS  Hardwood",168971,"EVT  Riparian",2003
"45",1561,9118,277,62,"BPS  Hardwood",168971,"EVT  Riparian",2867
"46",1561,9120,426,95,"BPS  Hardwood",168971,"EVT  Riparian",5024
"47",1561,9295,6,1,"BPS  Hardwood",168971,"EVT  Conifer-Hardwood",38
"48",1561,9312,1207,268,"BPS  Hardwood",168971,"EVT  Conifer",16626
"49",1561,9314,86,19,"BPS  Hardwood",168971,"EVT  Riparian",116
"50",1561,9315,2300,512,"BPS  Hardwood",168971,"EVT  Conifer-Hardwood",2084
"51",1561,9317,610,136,"BPS  Hardwood",168971,"EVT  Exotic Tree-Shrub",1673
"52",1561,9318,21,5,"BPS  Hardwood",168971,"EVT  Riparian",24
"53",1561,9611,1,0,"BPS  Hardwood",168971,"EVT  Shrubland",5
"54",1561,9620,179,40,"BPS  Hardwood",168971,"EVT  Riparian",1724
"55",1561,9817,3194,710,"BPS  Hardwood",168971,"EVT  Exotic Herbaceous",8662
"56",1562,7238,385,86,"BPS  Hardwood",136871,"EVT  Hardwood",1634
"57",1562,7239,4175,928,"BPS  Hardwood",136871,"EVT  Conifer-Hardwood",11573
"58",1562,7240,911,203,"BPS  Hardwood",136871,"EVT  Hardwood",2706
"59",1562,7241,12009,2671,"BPS  Hardwood",136871,"EVT  Conifer-Hardwood",59120
"60",1562,7242,2,0,"BPS  Hardwood",136871,"EVT  Hardwood",17
"61",1562,7243,4,1,"BPS  Hardwood",136871,"EVT  Conifer-Hardwood",10
"62",1562,7295,37,8,"BPS  Hardwood",136871,"EVT  Quarries-Strip Mines-Gravel Pits-Well and Wind Pads",18
"63",1562,7296,675,150,"BPS  Hardwood",136871,"EVT  Developed-Low Intensity",1325
"64",1562,7297,197,44,"BPS  Hardwood",136871,"EVT  Developed-Medium Intensity",381
"65",1562,7298,39,9,"BPS  Hardwood",136871,"EVT  Developed-High Intensity",60
"66",1562,7299,10596,2356,"BPS  Hardwood",136871,"EVT  Developed-Roads",19850
"67",1562,7301,8446,1878,"BPS  Hardwood",136871,"EVT  Hardwood",54451
"68",1562,7302,451371,100383,"BPS  Hardwood",136871,"EVT  Hardwood",829885
"69",1562,7362,5086,1131,"BPS  Hardwood",136871,"EVT  Conifer",16202
"70",1562,7366,12218,2717,"BPS  Hardwood",136871,"EVT  Conifer",56367
"71",1562,7407,7,2,"BPS  Hardwood",136871,"EVT  Conifer",104
"72",1562,7481,29809,6629,"BPS  Hardwood",136871,"EVT  Riparian",156462
"73",1562,7905,15807,3515,"BPS  Hardwood",136871,"EVT  Developed",17983
"74",1562,7906,3565,793,"BPS  Hardwood",136871,"EVT  Developed",7863
"75",1562,7907,10124,2252,"BPS  Hardwood",136871,"EVT  Developed",12451
"76",1562,7908,522,116,"BPS  Hardwood",136871,"EVT  Developed",748
"77",1562,7909,183,41,"BPS  Hardwood",136871,"EVT  Developed",346
"78",1562,7925,349,78,"BPS  Hardwood",136871,"EVT  Developed",452
"79",1562,7926,203,45,"BPS  Hardwood",136871,"EVT  Developed",346
"80",1562,7927,63,14,"BPS  Hardwood",136871,"EVT  Developed",123
"81",1562,7928,5,1,"BPS  Hardwood",136871,"EVT  Developed",14
"82",1562,7929,35,8,"BPS  Hardwood",136871,"EVT  Developed",92
"83",1562,7970,1,0,"BPS  Hardwood",136871,"EVT  Agricultural",22
"84",1562,7973,60,13,"BPS  Hardwood",136871,"EVT  Agricultural",339
"85",1562,7974,15,3,"BPS  Hardwood",136871,"EVT  Agricultural",40
"86",1562,7975,5,1,"BPS  Hardwood",136871,"EVT  Agricultural",262
"87",1562,7976,79,18,"BPS  Hardwood",136871,"EVT  Agricultural",771
"88",1562,7977,1087,242,"BPS  Hardwood",136871,"EVT  Agricultural",8320
"89",1562,7978,2,0,"BPS  Hardwood",136871,"EVT  Agricultural",17
"90",1562,9055,224,50,"BPS  Hardwood",136871,"EVT  Riparian",3325
"91",1562,9056,11736,2610,"BPS  Hardwood",136871,"EVT  Riparian",77147
"92",1562,9057,63,14,"BPS  Hardwood",136871,"EVT  Riparian",783
"93",1562,9088,16,4,"BPS  Hardwood",136871,"EVT  Conifer",51
"94",1562,9089,22236,4945,"BPS  Hardwood",136871,"EVT  Conifer",101005
"95",1562,9112,5610,1248,"BPS  Hardwood",136871,"EVT  Conifer",35681
"96",1562,9114,16,4,"BPS  Hardwood",136871,"EVT  Riparian",156
"97",1562,9117,691,154,"BPS  Hardwood",136871,"EVT  Riparian",2003
"98",1562,9118,514,114,"BPS  Hardwood",136871,"EVT  Riparian",2867
"99",1562,9120,599,133,"BPS  Hardwood",136871,"EVT  Riparian",5024
"100",1562,9295,7,2,"BPS  Hardwood",136871,"EVT  Conifer-Hardwood",38
"101",1562,9312,1622,361,"BPS  Hardwood",136871,"EVT  Conifer",16626
"102",1562,9314,44,10,"BPS  Hardwood",136871,"EVT  Riparian",116
"103",1562,9315,705,157,"BPS  Hardwood",136871,"EVT  Conifer-Hardwood",2084
"104",1562,9317,552,123,"BPS  Hardwood",136871,"EVT  Exotic Tree-Shrub",1673
"105",1562,9318,3,1,"BPS  Hardwood",136871,"EVT  Riparian",24
"106",1562,9617,6,1,"BPS  Hardwood",136871,"EVT  Riparian",29
"107",1562,9620,304,68,"BPS  Hardwood",136871,"EVT  Riparian",1724
"108",1562,9817,2421,538,"BPS  Hardwood",136871,"EVT  Exotic Herbaceous",8662
"109",1568,7238,2,0,"BPS  Conifer",712,"EVT  Hardwood",1634
"110",1568,7239,21,5,"BPS  Conifer",712,"EVT  Conifer-Hardwood",11573
"111",1568,7240,3,1,"BPS  Conifer",712,"EVT  Hardwood",2706
"112",1568,7241,27,6,"BPS  Conifer",712,"EVT  Conifer-Hardwood",59120
"113",1568,7296,56,12,"BPS  Conifer",712,"EVT  Developed-Low Intensity",1325
"114",1568,7297,17,4,"BPS  Conifer",712,"EVT  Developed-Medium Intensity",381
"115",1568,7298,5,1,"BPS  Conifer",712,"EVT  Developed-High Intensity",60
"116",1568,7299,151,34,"BPS  Conifer",712,"EVT  Developed-Roads",19850
"117",1568,7301,35,8,"BPS  Conifer",712,"EVT  Hardwood",54451
"118",1568,7302,1619,360,"BPS  Conifer",712,"EVT  Hardwood",829885
"119",1568,7362,23,5,"BPS  Conifer",712,"EVT  Conifer",16202
"120",1568,7366,16,4,"BPS  Conifer",712,"EVT  Conifer",56367
"121",1568,7481,670,149,"BPS  Conifer",712,"EVT  Riparian",156462
"122",1568,7905,27,6,"BPS  Conifer",712,"EVT  Developed",17983
"123",1568,7906,27,6,"BPS  Conifer",712,"EVT  Developed",7863
"124",1568,7907,34,8,"BPS  Conifer",712,"EVT  Developed",12451
"125",1568,7908,6,1,"BPS  Conifer",712,"EVT  Developed",748
"126",1568,7909,4,1,"BPS  Conifer",712,"EVT  Developed",346
"127",1568,7925,2,0,"BPS  Conifer",712,"EVT  Developed",452
"128",1568,7926,2,0,"BPS  Conifer",712,"EVT  Developed",346
"129",1568,7927,1,0,"BPS  Conifer",712,"EVT  Developed",123
"130",1568,7977,1,0,"BPS  Conifer",712,"EVT  Agricultural",8320
"131",1568,9056,150,33,"BPS  Conifer",712,"EVT  Riparian",77147
"132",1568,9057,1,0,"BPS  Conifer",712,"EVT  Riparian",783
"133",1568,9089,227,50,"BPS  Conifer",712,"EVT  Conifer",101005
"134",1568,9112,16,4,"BPS  Conifer",712,"EVT  Conifer",35681
"135",1568,9117,11,2,"BPS  Conifer",712,"EVT  Riparian",2003
"136",1568,9118,8,2,"BPS  Conifer",712,"EVT  Riparian",2867
"137",1568,9120,17,4,"BPS  Conifer",712,"EVT  Riparian",5024
"138",1568,9312,2,0,"BPS  Conifer",712,"EVT  Conifer",16626
"139",1568,9315,5,1,"BPS  Conifer",712,"EVT  Conifer-Hardwood",2084
"140",1568,9317,2,0,"BPS  Conifer",712,"EVT  Exotic Tree-Shrub",1673
"141",1568,9620,4,1,"BPS  Conifer",712,"EVT  Riparian",1724
"142",1568,9817,10,2,"BPS  Conifer",712,"EVT  Exotic Herbaceous",8662
"143",1569,7238,8,2,"BPS  Hardwood-Conifer",1335,"EVT  Hardwood",1634
"144",1569,7239,196,44,"BPS  Hardwood-Conifer",1335,"EVT  Conifer-Hardwood",11573
"145",1569,7240,4,1,"BPS  Hardwood-Conifer",1335,"EVT  Hardwood",2706
"146",1569,7241,136,30,"BPS  Hardwood-Conifer",1335,"EVT  Conifer-Hardwood",59120
"147",1569,7295,2,0,"BPS  Hardwood-Conifer",1335,"EVT  Quarries-Strip Mines-Gravel Pits-Well and Wind Pads",18
"148",1569,7296,48,11,"BPS  Hardwood-Conifer",1335,"EVT  Developed-Low Intensity",1325
"149",1569,7297,60,13,"BPS  Hardwood-Conifer",1335,"EVT  Developed-Medium Intensity",381
"150",1569,7298,34,8,"BPS  Hardwood-Conifer",1335,"EVT  Developed-High Intensity",60
"151",1569,7299,227,50,"BPS  Hardwood-Conifer",1335,"EVT  Developed-Roads",19850
"152",1569,7301,77,17,"BPS  Hardwood-Conifer",1335,"EVT  Hardwood",54451
"153",1569,7302,2695,599,"BPS  Hardwood-Conifer",1335,"EVT  Hardwood",829885
"154",1569,7362,145,32,"BPS  Hardwood-Conifer",1335,"EVT  Conifer",16202
"155",1569,7366,69,15,"BPS  Hardwood-Conifer",1335,"EVT  Conifer",56367
"156",1569,7481,130,29,"BPS  Hardwood-Conifer",1335,"EVT  Riparian",156462
"157",1569,7905,157,35,"BPS  Hardwood-Conifer",1335,"EVT  Developed",17983
"158",1569,7906,247,55,"BPS  Hardwood-Conifer",1335,"EVT  Developed",7863
"159",1569,7907,203,45,"BPS  Hardwood-Conifer",1335,"EVT  Developed",12451
"160",1569,7908,28,6,"BPS  Hardwood-Conifer",1335,"EVT  Developed",748
"161",1569,7909,20,4,"BPS  Hardwood-Conifer",1335,"EVT  Developed",346
"162",1569,7925,1,0,"BPS  Hardwood-Conifer",1335,"EVT  Developed",452
"163",1569,7926,8,2,"BPS  Hardwood-Conifer",1335,"EVT  Developed",346
"164",1569,7927,7,2,"BPS  Hardwood-Conifer",1335,"EVT  Developed",123
"165",1569,7929,1,0,"BPS  Hardwood-Conifer",1335,"EVT  Developed",92
"166",1569,7973,1,0,"BPS  Hardwood-Conifer",1335,"EVT  Agricultural",339
"167",1569,7976,2,0,"BPS  Hardwood-Conifer",1335,"EVT  Agricultural",771
"168",1569,7977,11,2,"BPS  Hardwood-Conifer",1335,"EVT  Agricultural",8320
"169",1569,9055,3,1,"BPS  Hardwood-Conifer",1335,"EVT  Riparian",3325
"170",1569,9056,145,32,"BPS  Hardwood-Conifer",1335,"EVT  Riparian",77147
"171",1569,9089,861,191,"BPS  Hardwood-Conifer",1335,"EVT  Conifer",101005
"172",1569,9112,171,38,"BPS  Hardwood-Conifer",1335,"EVT  Conifer",35681
"173",1569,9117,8,2,"BPS  Hardwood-Conifer",1335,"EVT  Riparian",2003
"174",1569,9118,4,1,"BPS  Hardwood-Conifer",1335,"EVT  Riparian",2867
"175",1569,9120,2,0,"BPS  Hardwood-Conifer",1335,"EVT  Riparian",5024
"176",1569,9312,200,44,"BPS  Hardwood-Conifer",1335,"EVT  Conifer",16626
"177",1569,9314,1,0,"BPS  Hardwood-Conifer",1335,"EVT  Riparian",116
"178",1569,9315,17,4,"BPS  Hardwood-Conifer",1335,"EVT  Conifer-Hardwood",2084
"179",1569,9317,5,1,"BPS  Hardwood-Conifer",1335,"EVT  Exotic Tree-Shrub",1673
"180",1569,9817,69,15,"BPS  Hardwood-Conifer",1335,"EVT  Exotic Herbaceous",8662
"181",1573,7299,6,1,"BPS  Conifer",16,"EVT  Developed-Roads",19850
"182",1573,7302,60,13,"BPS  Conifer",16,"EVT  Hardwood",829885
"183",1573,7481,1,0,"BPS  Conifer",16,"EVT  Riparian",156462
"184",1573,7905,1,0,"BPS  Conifer",16,"EVT  Developed",17983
"185",1573,9056,2,0,"BPS  Conifer",16,"EVT  Riparian",77147
"186",1573,9089,1,0,"BPS  Conifer",16,"EVT  Conifer",101005
"187",1573,9112,2,0,"BPS  Conifer",16,"EVT  Conifer",35681
"188",1575,7238,1,0,"BPS  Grassland",350,"EVT  Hardwood",1634
"189",1575,7239,3,1,"BPS  Grassland",350,"EVT  Conifer-Hardwood",11573
"190",1575,7240,1,0,"BPS  Grassland",350,"EVT  Hardwood",2706
"191",1575,7241,21,5,"BPS  Grassland",350,"EVT  Conifer-Hardwood",59120
"192",1575,7296,2,0,"BPS  Grassland",350,"EVT  Developed-Low Intensity",1325
"193",1575,7299,122,27,"BPS  Grassland",350,"EVT  Developed-Roads",19850
"194",1575,7301,30,7,"BPS  Grassland",350,"EVT  Hardwood",54451
"195",1575,7302,618,137,"BPS  Grassland",350,"EVT  Hardwood",829885
"196",1575,7362,9,2,"BPS  Grassland",350,"EVT  Conifer",16202
"197",1575,7366,19,4,"BPS  Grassland",350,"EVT  Conifer",56367
"198",1575,7481,431,96,"BPS  Grassland",350,"EVT  Riparian",156462
"199",1575,7905,30,7,"BPS  Grassland",350,"EVT  Developed",17983
"200",1575,7906,22,5,"BPS  Grassland",350,"EVT  Developed",7863
"201",1575,7907,50,11,"BPS  Grassland",350,"EVT  Developed",12451
"202",1575,7908,6,1,"BPS  Grassland",350,"EVT  Developed",748
"203",1575,7909,3,1,"BPS  Grassland",350,"EVT  Developed",346
"204",1575,7925,1,0,"BPS  Grassland",350,"EVT  Developed",452
"205",1575,7926,1,0,"BPS  Grassland",350,"EVT  Developed",346
"206",1575,7973,1,0,"BPS  Grassland",350,"EVT  Agricultural",339
"207",1575,7976,1,0,"BPS  Grassland",350,"EVT  Agricultural",771
"208",1575,7977,2,0,"BPS  Grassland",350,"EVT  Agricultural",8320
"209",1575,9055,4,1,"BPS  Grassland",350,"EVT  Riparian",3325
"210",1575,9056,52,12,"BPS  Grassland",350,"EVT  Riparian",77147
"211",1575,9057,2,0,"BPS  Grassland",350,"EVT  Riparian",783
"212",1575,9089,64,14,"BPS  Grassland",350,"EVT  Conifer",101005
"213",1575,9112,11,2,"BPS  Grassland",350,"EVT  Conifer",35681
"214",1575,9114,3,1,"BPS  Grassland",350,"EVT  Riparian",156
"215",1575,9117,10,2,"BPS  Grassland",350,"EVT  Riparian",2003
"216",1575,9118,6,1,"BPS  Grassland",350,"EVT  Riparian",2867
"217",1575,9120,22,5,"BPS  Grassland",350,"EVT  Riparian",5024
"218",1575,9312,9,2,"BPS  Grassland",350,"EVT  Conifer",16626
"219",1575,9617,1,0,"BPS  Grassland",350,"EVT  Riparian",29
"220",1575,9620,12,3,"BPS  Grassland",350,"EVT  Riparian",1724
"221",1575,9817,2,0,"BPS  Grassland",350,"EVT  Exotic Herbaceous",8662
"222",1576,7238,1,0,"BPS  Grassland",410,"EVT  Hardwood",1634
"223",1576,7239,6,1,"BPS  Grassland",410,"EVT  Conifer-Hardwood",11573
"224",1576,7240,2,0,"BPS  Grassland",410,"EVT  Hardwood",2706
"225",1576,7241,12,3,"BPS  Grassland",410,"EVT  Conifer-Hardwood",59120
"226",1576,7296,3,1,"BPS  Grassland",410,"EVT  Developed-Low Intensity",1325
"227",1576,7299,95,21,"BPS  Grassland",410,"EVT  Developed-Roads",19850
"228",1576,7301,42,9,"BPS  Grassland",410,"EVT  Hardwood",54451
"229",1576,7302,979,218,"BPS  Grassland",410,"EVT  Hardwood",829885
"230",1576,7362,4,1,"BPS  Grassland",410,"EVT  Conifer",16202
"231",1576,7366,15,3,"BPS  Grassland",410,"EVT  Conifer",56367
"232",1576,7481,293,65,"BPS  Grassland",410,"EVT  Riparian",156462
"233",1576,7905,72,16,"BPS  Grassland",410,"EVT  Developed",17983
"234",1576,7906,10,2,"BPS  Grassland",410,"EVT  Developed",7863
"235",1576,7907,21,5,"BPS  Grassland",410,"EVT  Developed",12451
"236",1576,7908,3,1,"BPS  Grassland",410,"EVT  Developed",748
"237",1576,7909,4,1,"BPS  Grassland",410,"EVT  Developed",346
"238",1576,7925,1,0,"BPS  Grassland",410,"EVT  Developed",452
"239",1576,7977,3,1,"BPS  Grassland",410,"EVT  Agricultural",8320
"240",1576,9056,50,11,"BPS  Grassland",410,"EVT  Riparian",77147
"241",1576,9089,204,45,"BPS  Grassland",410,"EVT  Conifer",101005
"242",1576,9112,7,2,"BPS  Grassland",410,"EVT  Conifer",35681
"243",1576,9117,4,1,"BPS  Grassland",410,"EVT  Riparian",2003
"244",1576,9118,4,1,"BPS  Grassland",410,"EVT  Riparian",2867
"245",1576,9120,1,0,"BPS  Grassland",410,"EVT  Riparian",5024
"246",1576,9315,2,0,"BPS  Grassland",410,"EVT  Conifer-Hardwood",2084
"247",1576,9317,1,0,"BPS  Grassland",410,"EVT  Exotic Tree-Shrub",1673
"248",1576,9620,2,0,"BPS  Grassland",410,"EVT  Riparian",1724
"249",1576,9817,1,0,"BPS  Grassland",410,"EVT  Exotic Herbaceous",8662
"250",1577,7238,10,2,"BPS  Hardwood",1946,"EVT  Hardwood",1634
"251",1577,7239,14,3,"BPS  Hardwood",1946,"EVT  Conifer-Hardwood",11573
"252",1577,7240,28,6,"BPS  Hardwood",1946,"EVT  Hardwood",2706
"253",1577,7241,320,71,"BPS  Hardwood",1946,"EVT  Conifer-Hardwood",59120
"254",1577,7296,1,0,"BPS  Hardwood",1946,"EVT  Developed-Low Intensity",1325
"255",1577,7297,4,1,"BPS  Hardwood",1946,"EVT  Developed-Medium Intensity",381
"256",1577,7299,104,23,"BPS  Hardwood",1946,"EVT  Developed-Roads",19850
"257",1577,7301,131,29,"BPS  Hardwood",1946,"EVT  Hardwood",54451
"258",1577,7302,1619,360,"BPS  Hardwood",1946,"EVT  Hardwood",829885
"259",1577,7362,19,4,"BPS  Hardwood",1946,"EVT  Conifer",16202
"260",1577,7366,347,77,"BPS  Hardwood",1946,"EVT  Conifer",56367
"261",1577,7481,3856,858,"BPS  Hardwood",1946,"EVT  Riparian",156462
"262",1577,7905,4,1,"BPS  Hardwood",1946,"EVT  Developed",17983
"263",1577,7906,17,4,"BPS  Hardwood",1946,"EVT  Developed",7863
"264",1577,7907,54,12,"BPS  Hardwood",1946,"EVT  Developed",12451
"265",1577,7926,3,1,"BPS  Hardwood",1946,"EVT  Developed",346
"266",1577,7927,1,0,"BPS  Hardwood",1946,"EVT  Developed",123
"267",1577,7975,1,0,"BPS  Hardwood",1946,"EVT  Agricultural",262
"268",1577,7977,2,0,"BPS  Hardwood",1946,"EVT  Agricultural",8320
"269",1577,9055,2,0,"BPS  Hardwood",1946,"EVT  Riparian",3325
"270",1577,9056,426,95,"BPS  Hardwood",1946,"EVT  Riparian",77147
"271",1577,9057,5,1,"BPS  Hardwood",1946,"EVT  Riparian",783
"272",1577,9088,1,0,"BPS  Hardwood",1946,"EVT  Conifer",51
"273",1577,9089,1493,332,"BPS  Hardwood",1946,"EVT  Conifer",101005
"274",1577,9112,31,7,"BPS  Hardwood",1946,"EVT  Conifer",35681
"275",1577,9117,161,36,"BPS  Hardwood",1946,"EVT  Riparian",2003
"276",1577,9118,6,1,"BPS  Hardwood",1946,"EVT  Riparian",2867
"277",1577,9120,32,7,"BPS  Hardwood",1946,"EVT  Riparian",5024
"278",1577,9314,3,1,"BPS  Hardwood",1946,"EVT  Riparian",116
"279",1577,9315,3,1,"BPS  Hardwood",1946,"EVT  Conifer-Hardwood",2084
"280",1577,9317,5,1,"BPS  Hardwood",1946,"EVT  Exotic Tree-Shrub",1673
"281",1577,9617,1,0,"BPS  Hardwood",1946,"EVT  Riparian",29
"282",1577,9620,29,6,"BPS  Hardwood",1946,"EVT  Riparian",1724
"283",1577,9817,18,4,"BPS  Hardwood",1946,"EVT  Exotic Herbaceous",8662
"284",1580,7238,37,8,"BPS  Riparian",3752,"EVT  Hardwood",1634
"285",1580,7239,48,11,"BPS  Riparian",3752,"EVT  Conifer-Hardwood",11573
"286",1580,7240,29,6,"BPS  Riparian",3752,"EVT  Hardwood",2706
"287",1580,7241,49,11,"BPS  Riparian",3752,"EVT  Conifer-Hardwood",59120
"288",1580,7296,5,1,"BPS  Riparian",3752,"EVT  Developed-Low Intensity",1325
"289",1580,7297,1,0,"BPS  Riparian",3752,"EVT  Developed-Medium Intensity",381
"290",1580,7299,49,11,"BPS  Riparian",3752,"EVT  Developed-Roads",19850
"291",1580,7301,164,36,"BPS  Riparian",3752,"EVT  Hardwood",54451
"292",1580,7302,1966,437,"BPS  Riparian",3752,"EVT  Hardwood",829885
"293",1580,7362,208,46,"BPS  Riparian",3752,"EVT  Conifer",16202
"294",1580,7366,191,42,"BPS  Riparian",3752,"EVT  Conifer",56367
"295",1580,7481,7047,1567,"BPS  Riparian",3752,"EVT  Riparian",156462
"296",1580,7905,20,4,"BPS  Riparian",3752,"EVT  Developed",17983
"297",1580,7906,61,14,"BPS  Riparian",3752,"EVT  Developed",7863
"298",1580,7907,74,16,"BPS  Riparian",3752,"EVT  Developed",12451
"299",1580,7908,1,0,"BPS  Riparian",3752,"EVT  Developed",748
"300",1580,7925,4,1,"BPS  Riparian",3752,"EVT  Developed",452
"301",1580,7926,9,2,"BPS  Riparian",3752,"EVT  Developed",346
"302",1580,7927,1,0,"BPS  Riparian",3752,"EVT  Developed",123
"303",1580,7928,2,0,"BPS  Riparian",3752,"EVT  Developed",14
"304",1580,7973,1,0,"BPS  Riparian",3752,"EVT  Agricultural",339
"305",1580,7975,107,24,"BPS  Riparian",3752,"EVT  Agricultural",262
"306",1580,7976,16,4,"BPS  Riparian",3752,"EVT  Agricultural",771
"307",1580,7977,4,1,"BPS  Riparian",3752,"EVT  Agricultural",8320
"308",1580,9055,265,59,"BPS  Riparian",3752,"EVT  Riparian",3325
"309",1580,9056,2854,635,"BPS  Riparian",3752,"EVT  Riparian",77147
"310",1580,9057,28,6,"BPS  Riparian",3752,"EVT  Riparian",783
"311",1580,9089,2878,640,"BPS  Riparian",3752,"EVT  Conifer",101005
"312",1580,9112,172,38,"BPS  Riparian",3752,"EVT  Conifer",35681
"313",1580,9114,2,0,"BPS  Riparian",3752,"EVT  Riparian",156
"314",1580,9117,89,20,"BPS  Riparian",3752,"EVT  Riparian",2003
"315",1580,9118,87,19,"BPS  Riparian",3752,"EVT  Riparian",2867
"316",1580,9120,124,28,"BPS  Riparian",3752,"EVT  Riparian",5024
"317",1580,9312,3,1,"BPS  Riparian",3752,"EVT  Conifer",16626
"318",1580,9314,55,12,"BPS  Riparian",3752,"EVT  Riparian",116
"319",1580,9315,55,12,"BPS  Riparian",3752,"EVT  Conifer-Hardwood",2084
"320",1580,9317,50,11,"BPS  Riparian",3752,"EVT  Exotic Tree-Shrub",1673
"321",1580,9617,1,0,"BPS  Riparian",3752,"EVT  Riparian",29
"322",1580,9620,50,11,"BPS  Riparian",3752,"EVT  Riparian",1724
"323",1580,9817,66,15,"BPS  Riparian",3752,"EVT  Exotic Herbaceous",8662
"324",1581,7238,441,98,"BPS  Riparian",78745,"EVT  Hardwood",1634
"325",1581,7239,3814,848,"BPS  Riparian",78745,"EVT  Conifer-Hardwood",11573
"326",1581,7240,388,86,"BPS  Riparian",78745,"EVT  Hardwood",2706
"327",1581,7241,5969,1327,"BPS  Riparian",78745,"EVT  Conifer-Hardwood",59120
"328",1581,7242,3,1,"BPS  Riparian",78745,"EVT  Hardwood",17
"329",1581,7243,2,0,"BPS  Riparian",78745,"EVT  Conifer-Hardwood",10
"330",1581,7295,8,2,"BPS  Riparian",78745,"EVT  Quarries-Strip Mines-Gravel Pits-Well and Wind Pads",18
"331",1581,7296,473,105,"BPS  Riparian",78745,"EVT  Developed-Low Intensity",1325
"332",1581,7297,125,28,"BPS  Riparian",78745,"EVT  Developed-Medium Intensity",381
"333",1581,7298,15,3,"BPS  Riparian",78745,"EVT  Developed-High Intensity",60
"334",1581,7299,3755,835,"BPS  Riparian",78745,"EVT  Developed-Roads",19850
"335",1581,7301,2533,563,"BPS  Riparian",78745,"EVT  Hardwood",54451
"336",1581,7302,41369,9200,"BPS  Riparian",78745,"EVT  Hardwood",829885
"337",1581,7362,4958,1103,"BPS  Riparian",78745,"EVT  Conifer",16202
"338",1581,7366,7400,1646,"BPS  Riparian",78745,"EVT  Conifer",56367
"339",1581,7407,10,2,"BPS  Riparian",78745,"EVT  Conifer",104
"340",1581,7481,108073,24035,"BPS  Riparian",78745,"EVT  Riparian",156462
"341",1581,7905,576,128,"BPS  Riparian",78745,"EVT  Developed",17983
"342",1581,7906,1755,390,"BPS  Riparian",78745,"EVT  Developed",7863
"343",1581,7907,1760,391,"BPS  Riparian",78745,"EVT  Developed",12451
"344",1581,7908,157,35,"BPS  Riparian",78745,"EVT  Developed",748
"345",1581,7909,79,18,"BPS  Riparian",78745,"EVT  Developed",346
"346",1581,7925,206,46,"BPS  Riparian",78745,"EVT  Developed",452
"347",1581,7926,297,66,"BPS  Riparian",78745,"EVT  Developed",346
"348",1581,7927,70,16,"BPS  Riparian",78745,"EVT  Developed",123
"349",1581,7928,15,3,"BPS  Riparian",78745,"EVT  Developed",14
"350",1581,7929,62,14,"BPS  Riparian",78745,"EVT  Developed",92
"351",1581,7973,72,16,"BPS  Riparian",78745,"EVT  Agricultural",339
"352",1581,7974,6,1,"BPS  Riparian",78745,"EVT  Agricultural",40
"353",1581,7975,101,22,"BPS  Riparian",78745,"EVT  Agricultural",262
"354",1581,7976,446,99,"BPS  Riparian",78745,"EVT  Agricultural",771
"355",1581,7977,351,78,"BPS  Riparian",78745,"EVT  Agricultural",8320
"356",1581,7978,20,4,"BPS  Riparian",78745,"EVT  Agricultural",17
"357",1581,9055,5922,1317,"BPS  Riparian",78745,"EVT  Riparian",3325
"358",1581,9056,98883,21991,"BPS  Riparian",78745,"EVT  Riparian",77147
"359",1581,9057,1248,278,"BPS  Riparian",78745,"EVT  Riparian",783
"360",1581,9088,9,2,"BPS  Riparian",78745,"EVT  Conifer",51
"361",1581,9089,36656,8152,"BPS  Riparian",78745,"EVT  Conifer",101005
"362",1581,9112,8058,1792,"BPS  Riparian",78745,"EVT  Conifer",35681
"363",1581,9114,224,50,"BPS  Riparian",78745,"EVT  Riparian",156
"364",1581,9117,1362,303,"BPS  Riparian",78745,"EVT  Riparian",2003
"365",1581,9118,4654,1035,"BPS  Riparian",78745,"EVT  Riparian",2867
"366",1581,9120,5041,1121,"BPS  Riparian",78745,"EVT  Riparian",5024
"367",1581,9202,2,0,"BPS  Riparian",78745,"EVT  Riparian",0
"368",1581,9295,8,2,"BPS  Riparian",78745,"EVT  Conifer-Hardwood",38
"369",1581,9312,1304,290,"BPS  Riparian",78745,"EVT  Conifer",16626
"370",1581,9314,112,25,"BPS  Riparian",78745,"EVT  Riparian",116
"371",1581,9315,178,40,"BPS  Riparian",78745,"EVT  Conifer-Hardwood",2084
"372",1581,9317,492,109,"BPS  Riparian",78745,"EVT  Exotic Tree-Shrub",1673
"373",1581,9318,11,2,"BPS  Riparian",78745,"EVT  Riparian",24
"374",1581,9617,37,8,"BPS  Riparian",78745,"EVT  Riparian",29
"375",1581,9620,1932,430,"BPS  Riparian",78745,"EVT  Riparian",1724
"376",1581,9817,2637,586,"BPS  Riparian",78745,"EVT  Exotic Herbaceous",8662
"377",1583,7238,213,47,"BPS  Riparian",32863,"EVT  Hardwood",1634
"378",1583,7239,1355,301,"BPS  Riparian",32863,"EVT  Conifer-Hardwood",11573
"379",1583,7240,219,49,"BPS  Riparian",32863,"EVT  Hardwood",2706
"380",1583,7241,3391,754,"BPS  Riparian",32863,"EVT  Conifer-Hardwood",59120
"381",1583,7242,2,0,"BPS  Riparian",32863,"EVT  Hardwood",17
"382",1583,7296,61,14,"BPS  Riparian",32863,"EVT  Developed-Low Intensity",1325
"383",1583,7297,19,4,"BPS  Riparian",32863,"EVT  Developed-Medium Intensity",381
"384",1583,7298,1,0,"BPS  Riparian",32863,"EVT  Developed-High Intensity",60
"385",1583,7299,664,148,"BPS  Riparian",32863,"EVT  Developed-Roads",19850
"386",1583,7301,1482,330,"BPS  Riparian",32863,"EVT  Hardwood",54451
"387",1583,7302,26255,5839,"BPS  Riparian",32863,"EVT  Hardwood",829885
"388",1583,7362,1693,377,"BPS  Riparian",32863,"EVT  Conifer",16202
"389",1583,7366,3503,779,"BPS  Riparian",32863,"EVT  Conifer",56367
"390",1583,7481,68764,15293,"BPS  Riparian",32863,"EVT  Riparian",156462
"391",1583,7905,281,62,"BPS  Riparian",32863,"EVT  Developed",17983
"392",1583,7906,395,88,"BPS  Riparian",32863,"EVT  Developed",7863
"393",1583,7907,831,185,"BPS  Riparian",32863,"EVT  Developed",12451
"394",1583,7908,26,6,"BPS  Riparian",32863,"EVT  Developed",748
"395",1583,7909,9,2,"BPS  Riparian",32863,"EVT  Developed",346
"396",1583,7925,35,8,"BPS  Riparian",32863,"EVT  Developed",452
"397",1583,7926,45,10,"BPS  Riparian",32863,"EVT  Developed",346
"398",1583,7927,10,2,"BPS  Riparian",32863,"EVT  Developed",123
"399",1583,7928,2,0,"BPS  Riparian",32863,"EVT  Developed",14
"400",1583,7929,13,3,"BPS  Riparian",32863,"EVT  Developed",92
"401",1583,7973,7,2,"BPS  Riparian",32863,"EVT  Agricultural",339
"402",1583,7975,6,1,"BPS  Riparian",32863,"EVT  Agricultural",262
"403",1583,7976,34,8,"BPS  Riparian",32863,"EVT  Agricultural",771
"404",1583,7977,30,7,"BPS  Riparian",32863,"EVT  Agricultural",8320
"405",1583,7978,1,0,"BPS  Riparian",32863,"EVT  Agricultural",17
"406",1583,9055,334,74,"BPS  Riparian",32863,"EVT  Riparian",3325
"407",1583,9056,19493,4335,"BPS  Riparian",32863,"EVT  Riparian",77147
"408",1583,9057,84,19,"BPS  Riparian",32863,"EVT  Riparian",783
"409",1583,9088,1,0,"BPS  Riparian",32863,"EVT  Conifer",51
"410",1583,9089,14346,3190,"BPS  Riparian",32863,"EVT  Conifer",101005
"411",1583,9112,1205,268,"BPS  Riparian",32863,"EVT  Conifer",35681
"412",1583,9114,31,7,"BPS  Riparian",32863,"EVT  Riparian",156
"413",1583,9117,308,68,"BPS  Riparian",32863,"EVT  Riparian",2003
"414",1583,9118,543,121,"BPS  Riparian",32863,"EVT  Riparian",2867
"415",1583,9120,852,189,"BPS  Riparian",32863,"EVT  Riparian",5024
"416",1583,9295,3,1,"BPS  Riparian",32863,"EVT  Conifer-Hardwood",38
"417",1583,9312,165,37,"BPS  Riparian",32863,"EVT  Conifer",16626
"418",1583,9314,41,9,"BPS  Riparian",32863,"EVT  Riparian",116
"419",1583,9315,66,15,"BPS  Riparian",32863,"EVT  Conifer-Hardwood",2084
"420",1583,9317,74,16,"BPS  Riparian",32863,"EVT  Exotic Tree-Shrub",1673
"421",1583,9617,8,2,"BPS  Riparian",32863,"EVT  Riparian",29
"422",1583,9620,408,91,"BPS  Riparian",32863,"EVT  Riparian",1724
"423",1583,9817,461,103,"BPS  Riparian",32863,"EVT  Exotic Herbaceous",8662
"424",1586,7238,18,4,"BPS  Riparian",6004,"EVT  Hardwood",1634
"425",1586,7239,245,54,"BPS  Riparian",6004,"EVT  Conifer-Hardwood",11573
"426",1586,7240,24,5,"BPS  Riparian",6004,"EVT  Hardwood",2706
"427",1586,7241,292,65,"BPS  Riparian",6004,"EVT  Conifer-Hardwood",59120
"428",1586,7296,35,8,"BPS  Riparian",6004,"EVT  Developed-Low Intensity",1325
"429",1586,7297,2,0,"BPS  Riparian",6004,"EVT  Developed-Medium Intensity",381
"430",1586,7299,217,48,"BPS  Riparian",6004,"EVT  Developed-Roads",19850
"431",1586,7301,107,24,"BPS  Riparian",6004,"EVT  Hardwood",54451
"432",1586,7302,2126,473,"BPS  Riparian",6004,"EVT  Hardwood",829885
"433",1586,7362,337,75,"BPS  Riparian",6004,"EVT  Conifer",16202
"434",1586,7366,410,91,"BPS  Riparian",6004,"EVT  Conifer",56367
"435",1586,7407,4,1,"BPS  Riparian",6004,"EVT  Conifer",104
"436",1586,7481,11572,2574,"BPS  Riparian",6004,"EVT  Riparian",156462
"437",1586,7905,37,8,"BPS  Riparian",6004,"EVT  Developed",17983
"438",1586,7906,120,27,"BPS  Riparian",6004,"EVT  Developed",7863
"439",1586,7907,104,23,"BPS  Riparian",6004,"EVT  Developed",12451
"440",1586,7908,7,2,"BPS  Riparian",6004,"EVT  Developed",748
"441",1586,7909,2,0,"BPS  Riparian",6004,"EVT  Developed",346
"442",1586,7925,17,4,"BPS  Riparian",6004,"EVT  Developed",452
"443",1586,7926,24,5,"BPS  Riparian",6004,"EVT  Developed",346
"444",1586,7927,5,1,"BPS  Riparian",6004,"EVT  Developed",123
"445",1586,7928,1,0,"BPS  Riparian",6004,"EVT  Developed",14
"446",1586,7929,4,1,"BPS  Riparian",6004,"EVT  Developed",92
"447",1586,7970,1,0,"BPS  Riparian",6004,"EVT  Agricultural",22
"448",1586,7973,2,0,"BPS  Riparian",6004,"EVT  Agricultural",339
"449",1586,7974,2,0,"BPS  Riparian",6004,"EVT  Agricultural",40
"450",1586,7975,9,2,"BPS  Riparian",6004,"EVT  Agricultural",262
"451",1586,7976,52,12,"BPS  Riparian",6004,"EVT  Agricultural",771
"452",1586,7977,7,2,"BPS  Riparian",6004,"EVT  Agricultural",8320
"453",1586,9055,364,81,"BPS  Riparian",6004,"EVT  Riparian",3325
"454",1586,9056,6107,1358,"BPS  Riparian",6004,"EVT  Riparian",77147
"455",1586,9057,111,25,"BPS  Riparian",6004,"EVT  Riparian",783
"456",1586,9089,2451,545,"BPS  Riparian",6004,"EVT  Conifer",101005
"457",1586,9112,351,78,"BPS  Riparian",6004,"EVT  Conifer",35681
"458",1586,9114,30,7,"BPS  Riparian",6004,"EVT  Riparian",156
"459",1586,9117,256,57,"BPS  Riparian",6004,"EVT  Riparian",2003
"460",1586,9118,293,65,"BPS  Riparian",6004,"EVT  Riparian",2867
"461",1586,9120,749,167,"BPS  Riparian",6004,"EVT  Riparian",5024
"462",1586,9295,1,0,"BPS  Riparian",6004,"EVT  Conifer-Hardwood",38
"463",1586,9312,50,11,"BPS  Riparian",6004,"EVT  Conifer",16626
"464",1586,9314,9,2,"BPS  Riparian",6004,"EVT  Riparian",116
"465",1586,9315,5,1,"BPS  Riparian",6004,"EVT  Conifer-Hardwood",2084
"466",1586,9317,38,8,"BPS  Riparian",6004,"EVT  Exotic Tree-Shrub",1673
"467",1586,9617,6,1,"BPS  Riparian",6004,"EVT  Riparian",29
"468",1586,9620,289,64,"BPS  Riparian",6004,"EVT  Riparian",1724
"469",1586,9817,106,24,"BPS  Riparian",6004,"EVT  Exotic Herbaceous",8662
"470",1614,7238,803,179,"BPS  Hardwood",82678,"EVT  Hardwood",1634
"471",1614,7239,4176,929,"BPS  Hardwood",82678,"EVT  Conifer-Hardwood",11573
"472",1614,7240,1039,231,"BPS  Hardwood",82678,"EVT  Hardwood",2706
"473",1614,7241,12491,2778,"BPS  Hardwood",82678,"EVT  Conifer-Hardwood",59120
"474",1614,7242,13,3,"BPS  Hardwood",82678,"EVT  Hardwood",17
"475",1614,7243,11,2,"BPS  Hardwood",82678,"EVT  Conifer-Hardwood",10
"476",1614,7296,203,45,"BPS  Hardwood",82678,"EVT  Developed-Low Intensity",1325
"477",1614,7297,47,10,"BPS  Hardwood",82678,"EVT  Developed-Medium Intensity",381
"478",1614,7298,5,1,"BPS  Hardwood",82678,"EVT  Developed-High Intensity",60
"479",1614,7299,3566,793,"BPS  Hardwood",82678,"EVT  Developed-Roads",19850
"480",1614,7301,16005,3559,"BPS  Hardwood",82678,"EVT  Hardwood",54451
"481",1614,7302,281831,62678,"BPS  Hardwood",82678,"EVT  Hardwood",829885
"482",1614,7362,2065,459,"BPS  Hardwood",82678,"EVT  Conifer",16202
"483",1614,7366,5305,1180,"BPS  Hardwood",82678,"EVT  Conifer",56367
"484",1614,7407,6,1,"BPS  Hardwood",82678,"EVT  Conifer",104
"485",1614,7481,2061,458,"BPS  Hardwood",82678,"EVT  Riparian",156462
"486",1614,7905,6643,1477,"BPS  Hardwood",82678,"EVT  Developed",17983
"487",1614,7906,740,165,"BPS  Hardwood",82678,"EVT  Developed",7863
"488",1614,7907,3118,693,"BPS  Hardwood",82678,"EVT  Developed",12451
"489",1614,7908,154,34,"BPS  Hardwood",82678,"EVT  Developed",748
"490",1614,7909,83,18,"BPS  Hardwood",82678,"EVT  Developed",346
"491",1614,7925,91,20,"BPS  Hardwood",82678,"EVT  Developed",452
"492",1614,7926,30,7,"BPS  Hardwood",82678,"EVT  Developed",346
"493",1614,7927,21,5,"BPS  Hardwood",82678,"EVT  Developed",123
"494",1614,7928,2,0,"BPS  Hardwood",82678,"EVT  Developed",14
"495",1614,7929,28,6,"BPS  Hardwood",82678,"EVT  Developed",92
"496",1614,7970,17,4,"BPS  Hardwood",82678,"EVT  Agricultural",22
"497",1614,7973,142,32,"BPS  Hardwood",82678,"EVT  Agricultural",339
"498",1614,7974,21,5,"BPS  Hardwood",82678,"EVT  Agricultural",40
"499",1614,7975,55,12,"BPS  Hardwood",82678,"EVT  Agricultural",262
"500",1614,7976,268,60,"BPS  Hardwood",82678,"EVT  Agricultural",771
"501",1614,7977,3628,807,"BPS  Hardwood",82678,"EVT  Agricultural",8320
"502",1614,7978,2,0,"BPS  Hardwood",82678,"EVT  Agricultural",17
"503",1614,9055,13,3,"BPS  Hardwood",82678,"EVT  Riparian",3325
"504",1614,9056,628,140,"BPS  Hardwood",82678,"EVT  Riparian",77147
"505",1614,9057,6,1,"BPS  Hardwood",82678,"EVT  Riparian",783
"506",1614,9088,10,2,"BPS  Hardwood",82678,"EVT  Conifer",51
"507",1614,9089,14839,3300,"BPS  Hardwood",82678,"EVT  Conifer",101005
"508",1614,9112,4681,1041,"BPS  Hardwood",82678,"EVT  Conifer",35681
"509",1614,9114,1,0,"BPS  Hardwood",82678,"EVT  Riparian",156
"510",1614,9117,16,4,"BPS  Hardwood",82678,"EVT  Riparian",2003
"511",1614,9118,9,2,"BPS  Hardwood",82678,"EVT  Riparian",2867
"512",1614,9120,48,11,"BPS  Hardwood",82678,"EVT  Riparian",5024
"513",1614,9295,10,2,"BPS  Hardwood",82678,"EVT  Conifer-Hardwood",38
"514",1614,9312,2270,505,"BPS  Hardwood",82678,"EVT  Conifer",16626
"515",1614,9315,889,198,"BPS  Hardwood",82678,"EVT  Conifer-Hardwood",2084
"516",1614,9317,428,95,"BPS  Hardwood",82678,"EVT  Exotic Tree-Shrub",1673
"517",1614,9617,1,0,"BPS  Hardwood",82678,"EVT  Riparian",29
"518",1614,9620,8,2,"BPS  Hardwood",82678,"EVT  Riparian",1724
"519",1614,9817,3237,720,"BPS  Hardwood",82678,"EVT  Exotic Herbaceous",8662
"520",1615,7238,1401,312,"BPS  Hardwood",467499,"EVT  Hardwood",1634
"521",1615,7239,8073,1795,"BPS  Hardwood",467499,"EVT  Conifer-Hardwood",11573
"522",1615,7240,3847,856,"BPS  Hardwood",467499,"EVT  Hardwood",2706
"523",1615,7241,109423,24335,"BPS  Hardwood",467499,"EVT  Conifer-Hardwood",59120
"524",1615,7242,34,8,"BPS  Hardwood",467499,"EVT  Hardwood",17
"525",1615,7243,12,3,"BPS  Hardwood",467499,"EVT  Conifer-Hardwood",10
"526",1615,7295,5,1,"BPS  Hardwood",467499,"EVT  Quarries-Strip Mines-Gravel Pits-Well and Wind Pads",18
"527",1615,7296,1762,392,"BPS  Hardwood",467499,"EVT  Developed-Low Intensity",1325
"528",1615,7297,609,135,"BPS  Hardwood",467499,"EVT  Developed-Medium Intensity",381
"529",1615,7298,62,14,"BPS  Hardwood",467499,"EVT  Developed-High Intensity",60
"530",1615,7299,28016,6231,"BPS  Hardwood",467499,"EVT  Developed-Roads",19850
"531",1615,7301,75202,16725,"BPS  Hardwood",467499,"EVT  Hardwood",54451
"532",1615,7302,1651488,367282,"BPS  Hardwood",467499,"EVT  Hardwood",829885
"533",1615,7314,1,0,"BPS  Hardwood",467499,"EVT  Hardwood",0
"534",1615,7362,5640,1254,"BPS  Hardwood",467499,"EVT  Conifer",16202
"535",1615,7366,43124,9591,"BPS  Hardwood",467499,"EVT  Conifer",56367
"536",1615,7407,53,12,"BPS  Hardwood",467499,"EVT  Conifer",104
"537",1615,7481,17007,3782,"BPS  Hardwood",467499,"EVT  Riparian",156462
"538",1615,7905,31195,6938,"BPS  Hardwood",467499,"EVT  Developed",17983
"539",1615,7906,3511,781,"BPS  Hardwood",467499,"EVT  Developed",7863
"540",1615,7907,15808,3516,"BPS  Hardwood",467499,"EVT  Developed",12451
"541",1615,7908,768,171,"BPS  Hardwood",467499,"EVT  Developed",748
"542",1615,7909,418,93,"BPS  Hardwood",467499,"EVT  Developed",346
"543",1615,7925,540,120,"BPS  Hardwood",467499,"EVT  Developed",452
"544",1615,7926,199,44,"BPS  Hardwood",467499,"EVT  Developed",346
"545",1615,7927,71,16,"BPS  Hardwood",467499,"EVT  Developed",123
"546",1615,7928,13,3,"BPS  Hardwood",467499,"EVT  Developed",14
"547",1615,7929,104,23,"BPS  Hardwood",467499,"EVT  Developed",92
"548",1615,7970,50,11,"BPS  Hardwood",467499,"EVT  Agricultural",22
"549",1615,7973,416,93,"BPS  Hardwood",467499,"EVT  Agricultural",339
"550",1615,7974,34,8,"BPS  Hardwood",467499,"EVT  Agricultural",40
"551",1615,7975,40,9,"BPS  Hardwood",467499,"EVT  Agricultural",262
"552",1615,7976,587,131,"BPS  Hardwood",467499,"EVT  Agricultural",771
"553",1615,7977,8373,1862,"BPS  Hardwood",467499,"EVT  Agricultural",8320
"554",1615,7978,36,8,"BPS  Hardwood",467499,"EVT  Agricultural",17
"555",1615,9055,77,17,"BPS  Hardwood",467499,"EVT  Riparian",3325
"556",1615,9056,3234,719,"BPS  Hardwood",467499,"EVT  Riparian",77147
"557",1615,9057,34,8,"BPS  Hardwood",467499,"EVT  Riparian",783
"558",1615,9088,33,7,"BPS  Hardwood",467499,"EVT  Conifer",51
"559",1615,9089,36977,8223,"BPS  Hardwood",467499,"EVT  Conifer",101005
"560",1615,9111,93,21,"BPS  Hardwood",467499,"EVT  Conifer",33
"561",1615,9112,16579,3687,"BPS  Hardwood",467499,"EVT  Conifer",35681
"562",1615,9114,6,1,"BPS  Hardwood",467499,"EVT  Riparian",156
"563",1615,9117,793,176,"BPS  Hardwood",467499,"EVT  Riparian",2003
"564",1615,9118,238,53,"BPS  Hardwood",467499,"EVT  Riparian",2867
"565",1615,9120,500,111,"BPS  Hardwood",467499,"EVT  Riparian",5024
"566",1615,9295,24,5,"BPS  Hardwood",467499,"EVT  Conifer-Hardwood",38
"567",1615,9312,17991,4001,"BPS  Hardwood",467499,"EVT  Conifer",16626
"568",1615,9314,7,2,"BPS  Hardwood",467499,"EVT  Riparian",116
"569",1615,9315,1861,414,"BPS  Hardwood",467499,"EVT  Conifer-Hardwood",2084
"570",1615,9317,2323,517,"BPS  Hardwood",467499,"EVT  Exotic Tree-Shrub",1673
"571",1615,9318,3,1,"BPS  Hardwood",467499,"EVT  Riparian",24
"572",1615,9611,17,4,"BPS  Hardwood",467499,"EVT  Shrubland",5
"573",1615,9617,1,0,"BPS  Hardwood",467499,"EVT  Riparian",29
"574",1615,9620,142,32,"BPS  Hardwood",467499,"EVT  Riparian",1724
"575",1615,9817,13260,2949,"BPS  Hardwood",467499,"EVT  Exotic Herbaceous",8662
"576",1616,7238,3,1,"BPS  Hardwood",5974,"EVT  Hardwood",1634
"577",1616,7239,17,4,"BPS  Hardwood",5974,"EVT  Conifer-Hardwood",11573
"578",1616,7240,8,2,"BPS  Hardwood",5974,"EVT  Hardwood",2706
"579",1616,7241,317,70,"BPS  Hardwood",5974,"EVT  Conifer-Hardwood",59120
"580",1616,7296,18,4,"BPS  Hardwood",5974,"EVT  Developed-Low Intensity",1325
"581",1616,7297,17,4,"BPS  Hardwood",5974,"EVT  Developed-Medium Intensity",381
"582",1616,7299,262,58,"BPS  Hardwood",5974,"EVT  Developed-Roads",19850
"583",1616,7301,56,12,"BPS  Hardwood",5974,"EVT  Hardwood",54451
"584",1616,7302,25328,5633,"BPS  Hardwood",5974,"EVT  Hardwood",829885
"585",1616,7362,3,1,"BPS  Hardwood",5974,"EVT  Conifer",16202
"586",1616,7366,120,27,"BPS  Hardwood",5974,"EVT  Conifer",56367
"587",1616,7481,37,8,"BPS  Hardwood",5974,"EVT  Riparian",156462
"588",1616,7905,374,83,"BPS  Hardwood",5974,"EVT  Developed",17983
"589",1616,7907,20,4,"BPS  Hardwood",5974,"EVT  Developed",12451
"590",1616,7925,1,0,"BPS  Hardwood",5974,"EVT  Developed",452
"591",1616,7976,6,1,"BPS  Hardwood",5974,"EVT  Agricultural",771
"592",1616,7977,43,10,"BPS  Hardwood",5974,"EVT  Agricultural",8320
"593",1616,9056,14,3,"BPS  Hardwood",5974,"EVT  Riparian",77147
"594",1616,9088,2,0,"BPS  Hardwood",5974,"EVT  Conifer",51
"595",1616,9089,49,11,"BPS  Hardwood",5974,"EVT  Conifer",101005
"596",1616,9111,9,2,"BPS  Hardwood",5974,"EVT  Conifer",33
"597",1616,9112,10,2,"BPS  Hardwood",5974,"EVT  Conifer",35681
"598",1616,9312,2,0,"BPS  Hardwood",5974,"EVT  Conifer",16626
"599",1616,9317,9,2,"BPS  Hardwood",5974,"EVT  Exotic Tree-Shrub",1673
"600",1616,9611,1,0,"BPS  Hardwood",5974,"EVT  Shrubland",5
"601",1616,9817,134,30,"BPS  Hardwood",5974,"EVT  Exotic Herbaceous",8662
"602",1620,7238,288,64,"BPS  Conifer",14633,"EVT  Hardwood",1634
"603",1620,7239,1587,353,"BPS  Conifer",14633,"EVT  Conifer-Hardwood",11573
"604",1620,7240,139,31,"BPS  Conifer",14633,"EVT  Hardwood",2706
"605",1620,7241,1902,423,"BPS  Conifer",14633,"EVT  Conifer-Hardwood",59120
"606",1620,7242,4,1,"BPS  Conifer",14633,"EVT  Hardwood",17
"607",1620,7243,6,1,"BPS  Conifer",14633,"EVT  Conifer-Hardwood",10
"608",1620,7296,45,10,"BPS  Conifer",14633,"EVT  Developed-Low Intensity",1325
"609",1620,7297,7,2,"BPS  Conifer",14633,"EVT  Developed-Medium Intensity",381
"610",1620,7298,1,0,"BPS  Conifer",14633,"EVT  Developed-High Intensity",60
"611",1620,7299,2242,499,"BPS  Conifer",14633,"EVT  Developed-Roads",19850
"612",1620,7301,4440,987,"BPS  Conifer",14633,"EVT  Hardwood",54451
"613",1620,7302,6699,1490,"BPS  Conifer",14633,"EVT  Hardwood",829885
"614",1620,7362,2463,548,"BPS  Conifer",14633,"EVT  Conifer",16202
"615",1620,7366,4200,934,"BPS  Conifer",14633,"EVT  Conifer",56367
"616",1620,7407,237,53,"BPS  Conifer",14633,"EVT  Conifer",104
"617",1620,7481,972,216,"BPS  Conifer",14633,"EVT  Riparian",156462
"618",1620,7905,139,31,"BPS  Conifer",14633,"EVT  Developed",17983
"619",1620,7906,1138,253,"BPS  Conifer",14633,"EVT  Developed",7863
"620",1620,7907,336,75,"BPS  Conifer",14633,"EVT  Developed",12451
"621",1620,7908,96,21,"BPS  Conifer",14633,"EVT  Developed",748
"622",1620,7909,43,10,"BPS  Conifer",14633,"EVT  Developed",346
"623",1620,7925,2,0,"BPS  Conifer",14633,"EVT  Developed",452
"624",1620,7926,19,4,"BPS  Conifer",14633,"EVT  Developed",346
"625",1620,7927,2,0,"BPS  Conifer",14633,"EVT  Developed",123
"626",1620,7973,2,0,"BPS  Conifer",14633,"EVT  Agricultural",339
"627",1620,7974,3,1,"BPS  Conifer",14633,"EVT  Agricultural",40
"628",1620,7976,31,7,"BPS  Conifer",14633,"EVT  Agricultural",771
"629",1620,7977,69,15,"BPS  Conifer",14633,"EVT  Agricultural",8320
"630",1620,9055,21,5,"BPS  Conifer",14633,"EVT  Riparian",3325
"631",1620,9056,2137,475,"BPS  Conifer",14633,"EVT  Riparian",77147
"632",1620,9057,195,43,"BPS  Conifer",14633,"EVT  Riparian",783
"633",1620,9088,12,3,"BPS  Conifer",14633,"EVT  Conifer",51
"634",1620,9089,6643,1477,"BPS  Conifer",14633,"EVT  Conifer",101005
"635",1620,9112,18929,4210,"BPS  Conifer",14633,"EVT  Conifer",35681
"636",1620,9117,22,5,"BPS  Conifer",14633,"EVT  Riparian",2003
"637",1620,9118,18,4,"BPS  Conifer",14633,"EVT  Riparian",2867
"638",1620,9120,210,47,"BPS  Conifer",14633,"EVT  Riparian",5024
"639",1620,9295,7,2,"BPS  Conifer",14633,"EVT  Conifer-Hardwood",38
"640",1620,9312,7429,1652,"BPS  Conifer",14633,"EVT  Conifer",16626
"641",1620,9315,5,1,"BPS  Conifer",14633,"EVT  Conifer-Hardwood",2084
"642",1620,9317,851,189,"BPS  Conifer",14633,"EVT  Exotic Tree-Shrub",1673
"643",1620,9611,1,0,"BPS  Conifer",14633,"EVT  Shrubland",5
"644",1620,9620,10,2,"BPS  Conifer",14633,"EVT  Riparian",1724
"645",1620,9817,2195,488,"BPS  Conifer",14633,"EVT  Exotic Herbaceous",8662
"646",1621,7238,53,12,"BPS  Conifer",6027,"EVT  Hardwood",1634
"647",1621,7239,493,110,"BPS  Conifer",6027,"EVT  Conifer-Hardwood",11573
"648",1621,7240,59,13,"BPS  Conifer",6027,"EVT  Hardwood",2706
"649",1621,7241,1178,262,"BPS  Conifer",6027,"EVT  Conifer-Hardwood",59120
"650",1621,7242,1,0,"BPS  Conifer",6027,"EVT  Hardwood",17
"651",1621,7243,1,0,"BPS  Conifer",6027,"EVT  Conifer-Hardwood",10
"652",1621,7296,22,5,"BPS  Conifer",6027,"EVT  Developed-Low Intensity",1325
"653",1621,7297,1,0,"BPS  Conifer",6027,"EVT  Developed-Medium Intensity",381
"654",1621,7299,497,111,"BPS  Conifer",6027,"EVT  Developed-Roads",19850
"655",1621,7301,772,172,"BPS  Conifer",6027,"EVT  Hardwood",54451
"656",1621,7302,9932,2209,"BPS  Conifer",6027,"EVT  Hardwood",829885
"657",1621,7362,1021,227,"BPS  Conifer",6027,"EVT  Conifer",16202
"658",1621,7366,1433,319,"BPS  Conifer",6027,"EVT  Conifer",56367
"659",1621,7407,3,1,"BPS  Conifer",6027,"EVT  Conifer",104
"660",1621,7481,869,193,"BPS  Conifer",6027,"EVT  Riparian",156462
"661",1621,7905,325,72,"BPS  Conifer",6027,"EVT  Developed",17983
"662",1621,7906,710,158,"BPS  Conifer",6027,"EVT  Developed",7863
"663",1621,7907,363,81,"BPS  Conifer",6027,"EVT  Developed",12451
"664",1621,7908,14,3,"BPS  Conifer",6027,"EVT  Developed",748
"665",1621,7909,18,4,"BPS  Conifer",6027,"EVT  Developed",346
"666",1621,7926,4,1,"BPS  Conifer",6027,"EVT  Developed",346
"667",1621,7929,3,1,"BPS  Conifer",6027,"EVT  Developed",92
"668",1621,7973,2,0,"BPS  Conifer",6027,"EVT  Agricultural",339
"669",1621,7974,1,0,"BPS  Conifer",6027,"EVT  Agricultural",40
"670",1621,7975,1,0,"BPS  Conifer",6027,"EVT  Agricultural",262
"671",1621,7976,11,2,"BPS  Conifer",6027,"EVT  Agricultural",771
"672",1621,7977,16,4,"BPS  Conifer",6027,"EVT  Agricultural",8320
"673",1621,9055,21,5,"BPS  Conifer",6027,"EVT  Riparian",3325
"674",1621,9056,1043,232,"BPS  Conifer",6027,"EVT  Riparian",77147
"675",1621,9057,7,2,"BPS  Conifer",6027,"EVT  Riparian",783
"676",1621,9089,4083,908,"BPS  Conifer",6027,"EVT  Conifer",101005
"677",1621,9112,2250,500,"BPS  Conifer",6027,"EVT  Conifer",35681
"678",1621,9114,3,1,"BPS  Conifer",6027,"EVT  Riparian",156
"679",1621,9117,5,1,"BPS  Conifer",6027,"EVT  Riparian",2003
"680",1621,9118,26,6,"BPS  Conifer",6027,"EVT  Riparian",2867
"681",1621,9120,27,6,"BPS  Conifer",6027,"EVT  Riparian",5024
"682",1621,9295,1,0,"BPS  Conifer",6027,"EVT  Conifer-Hardwood",38
"683",1621,9312,1669,371,"BPS  Conifer",6027,"EVT  Conifer",16626
"684",1621,9315,8,2,"BPS  Conifer",6027,"EVT  Conifer-Hardwood",2084
"685",1621,9317,26,6,"BPS  Conifer",6027,"EVT  Exotic Tree-Shrub",1673
"686",1621,9620,8,2,"BPS  Conifer",6027,"EVT  Riparian",1724
"687",1621,9817,119,26,"BPS  Conifer",6027,"EVT  Exotic Herbaceous",8662
"688",1622,7238,172,38,"BPS  Hardwood-Conifer",21285,"EVT  Hardwood",1634
"689",1622,7239,1839,409,"BPS  Hardwood-Conifer",21285,"EVT  Conifer-Hardwood",11573
"690",1622,7240,240,53,"BPS  Hardwood-Conifer",21285,"EVT  Hardwood",2706
"691",1622,7241,4923,1095,"BPS  Hardwood-Conifer",21285,"EVT  Conifer-Hardwood",59120
"692",1622,7242,2,0,"BPS  Hardwood-Conifer",21285,"EVT  Hardwood",17
"693",1622,7243,3,1,"BPS  Hardwood-Conifer",21285,"EVT  Conifer-Hardwood",10
"694",1622,7296,147,33,"BPS  Hardwood-Conifer",21285,"EVT  Developed-Low Intensity",1325
"695",1622,7297,27,6,"BPS  Hardwood-Conifer",21285,"EVT  Developed-Medium Intensity",381
"696",1622,7298,2,0,"BPS  Hardwood-Conifer",21285,"EVT  Developed-High Intensity",60
"697",1622,7299,2332,519,"BPS  Hardwood-Conifer",21285,"EVT  Developed-Roads",19850
"698",1622,7301,7147,1589,"BPS  Hardwood-Conifer",21285,"EVT  Hardwood",54451
"699",1622,7302,16459,3660,"BPS  Hardwood-Conifer",21285,"EVT  Hardwood",829885
"700",1622,7362,2883,641,"BPS  Hardwood-Conifer",21285,"EVT  Conifer",16202
"701",1622,7366,10528,2341,"BPS  Hardwood-Conifer",21285,"EVT  Conifer",56367
"702",1622,7407,31,7,"BPS  Hardwood-Conifer",21285,"EVT  Conifer",104
"703",1622,7481,1667,371,"BPS  Hardwood-Conifer",21285,"EVT  Riparian",156462
"704",1622,7905,387,86,"BPS  Hardwood-Conifer",21285,"EVT  Developed",17983
"705",1622,7906,1848,411,"BPS  Hardwood-Conifer",21285,"EVT  Developed",7863
"706",1622,7907,689,153,"BPS  Hardwood-Conifer",21285,"EVT  Developed",12451
"707",1622,7908,95,21,"BPS  Hardwood-Conifer",21285,"EVT  Developed",748
"708",1622,7909,33,7,"BPS  Hardwood-Conifer",21285,"EVT  Developed",346
"709",1622,7925,18,4,"BPS  Hardwood-Conifer",21285,"EVT  Developed",452
"710",1622,7926,28,6,"BPS  Hardwood-Conifer",21285,"EVT  Developed",346
"711",1622,7927,13,3,"BPS  Hardwood-Conifer",21285,"EVT  Developed",123
"712",1622,7928,1,0,"BPS  Hardwood-Conifer",21285,"EVT  Developed",14
"713",1622,7929,8,2,"BPS  Hardwood-Conifer",21285,"EVT  Developed",92
"714",1622,7970,1,0,"BPS  Hardwood-Conifer",21285,"EVT  Agricultural",22
"715",1622,7973,29,6,"BPS  Hardwood-Conifer",21285,"EVT  Agricultural",339
"716",1622,7974,3,1,"BPS  Hardwood-Conifer",21285,"EVT  Agricultural",40
"717",1622,7975,2,0,"BPS  Hardwood-Conifer",21285,"EVT  Agricultural",262
"718",1622,7976,26,6,"BPS  Hardwood-Conifer",21285,"EVT  Agricultural",771
"719",1622,7977,1484,330,"BPS  Hardwood-Conifer",21285,"EVT  Agricultural",8320
"720",1622,7978,3,1,"BPS  Hardwood-Conifer",21285,"EVT  Agricultural",17
"721",1622,9055,20,4,"BPS  Hardwood-Conifer",21285,"EVT  Riparian",3325
"722",1622,9056,1914,426,"BPS  Hardwood-Conifer",21285,"EVT  Riparian",77147
"723",1622,9057,5,1,"BPS  Hardwood-Conifer",21285,"EVT  Riparian",783
"724",1622,9088,19,4,"BPS  Hardwood-Conifer",21285,"EVT  Conifer",51
"725",1622,9089,13112,2916,"BPS  Hardwood-Conifer",21285,"EVT  Conifer",101005
"726",1622,9112,18446,4102,"BPS  Hardwood-Conifer",21285,"EVT  Conifer",35681
"727",1622,9117,22,5,"BPS  Hardwood-Conifer",21285,"EVT  Riparian",2003
"728",1622,9118,16,4,"BPS  Hardwood-Conifer",21285,"EVT  Riparian",2867
"729",1622,9120,86,19,"BPS  Hardwood-Conifer",21285,"EVT  Riparian",5024
"730",1622,9295,26,6,"BPS  Hardwood-Conifer",21285,"EVT  Conifer-Hardwood",38
"731",1622,9312,8354,1858,"BPS  Hardwood-Conifer",21285,"EVT  Conifer",16626
"732",1622,9314,3,1,"BPS  Hardwood-Conifer",21285,"EVT  Riparian",116
"733",1622,9315,90,20,"BPS  Hardwood-Conifer",21285,"EVT  Conifer-Hardwood",2084
"734",1622,9317,130,29,"BPS  Hardwood-Conifer",21285,"EVT  Exotic Tree-Shrub",1673
"735",1622,9620,14,3,"BPS  Hardwood-Conifer",21285,"EVT  Riparian",1724
"736",1622,9817,381,85,"BPS  Hardwood-Conifer",21285,"EVT  Exotic Herbaceous",8662
"737",1623,7238,1676,373,"BPS  Conifer",222303,"EVT  Hardwood",1634
"738",1623,7239,14314,3183,"BPS  Conifer",222303,"EVT  Conifer-Hardwood",11573
"739",1623,7240,2429,540,"BPS  Conifer",222303,"EVT  Hardwood",2706
"740",1623,7241,53566,11913,"BPS  Conifer",222303,"EVT  Conifer-Hardwood",59120
"741",1623,7242,9,2,"BPS  Conifer",222303,"EVT  Hardwood",17
"742",1623,7243,3,1,"BPS  Conifer",222303,"EVT  Conifer-Hardwood",10
"743",1623,7296,768,171,"BPS  Conifer",222303,"EVT  Developed-Low Intensity",1325
"744",1623,7297,140,31,"BPS  Conifer",222303,"EVT  Developed-Medium Intensity",381
"745",1623,7298,8,2,"BPS  Conifer",222303,"EVT  Developed-High Intensity",60
"746",1623,7299,14488,3222,"BPS  Conifer",222303,"EVT  Developed-Roads",19850
"747",1623,7301,97470,21677,"BPS  Conifer",222303,"EVT  Hardwood",54451
"748",1623,7302,347448,77271,"BPS  Conifer",222303,"EVT  Hardwood",829885
"749",1623,7362,27199,6049,"BPS  Conifer",222303,"EVT  Conifer",16202
"750",1623,7366,74445,16556,"BPS  Conifer",222303,"EVT  Conifer",56367
"751",1623,7407,76,17,"BPS  Conifer",222303,"EVT  Conifer",104
"752",1623,7481,32433,7213,"BPS  Conifer",222303,"EVT  Riparian",156462
"753",1623,7905,4986,1109,"BPS  Conifer",222303,"EVT  Developed",17983
"754",1623,7906,11637,2588,"BPS  Conifer",222303,"EVT  Developed",7863
"755",1623,7907,8916,1983,"BPS  Conifer",222303,"EVT  Developed",12451
"756",1623,7908,512,114,"BPS  Conifer",222303,"EVT  Developed",748
"757",1623,7909,217,48,"BPS  Conifer",222303,"EVT  Developed",346
"758",1623,7925,237,53,"BPS  Conifer",222303,"EVT  Developed",452
"759",1623,7926,274,61,"BPS  Conifer",222303,"EVT  Developed",346
"760",1623,7927,105,23,"BPS  Conifer",222303,"EVT  Developed",123
"761",1623,7928,4,1,"BPS  Conifer",222303,"EVT  Developed",14
"762",1623,7929,58,13,"BPS  Conifer",222303,"EVT  Developed",92
"763",1623,7970,24,5,"BPS  Conifer",222303,"EVT  Agricultural",22
"764",1623,7973,433,96,"BPS  Conifer",222303,"EVT  Agricultural",339
"765",1623,7974,48,11,"BPS  Conifer",222303,"EVT  Agricultural",40
"766",1623,7975,56,12,"BPS  Conifer",222303,"EVT  Agricultural",262
"767",1623,7976,348,77,"BPS  Conifer",222303,"EVT  Agricultural",771
"768",1623,7977,15832,3521,"BPS  Conifer",222303,"EVT  Agricultural",8320
"769",1623,7978,3,1,"BPS  Conifer",222303,"EVT  Agricultural",17
"770",1623,9055,196,44,"BPS  Conifer",222303,"EVT  Riparian",3325
"771",1623,9056,20032,4455,"BPS  Conifer",222303,"EVT  Riparian",77147
"772",1623,9057,50,11,"BPS  Conifer",222303,"EVT  Riparian",783
"773",1623,9088,61,14,"BPS  Conifer",222303,"EVT  Conifer",51
"774",1623,9089,185676,41293,"BPS  Conifer",222303,"EVT  Conifer",101005
"775",1623,9111,13,3,"BPS  Conifer",222303,"EVT  Conifer",33
"776",1623,9112,49112,10922,"BPS  Conifer",222303,"EVT  Conifer",35681
"777",1623,9114,27,6,"BPS  Conifer",222303,"EVT  Riparian",156
"778",1623,9117,834,185,"BPS  Conifer",222303,"EVT  Riparian",2003
"779",1623,9118,384,85,"BPS  Conifer",222303,"EVT  Riparian",2867
"780",1623,9120,872,194,"BPS  Conifer",222303,"EVT  Riparian",5024
"781",1623,9295,59,13,"BPS  Conifer",222303,"EVT  Conifer-Hardwood",38
"782",1623,9312,21259,4728,"BPS  Conifer",222303,"EVT  Conifer",16626
"783",1623,9314,50,11,"BPS  Conifer",222303,"EVT  Riparian",116
"784",1623,9315,2435,542,"BPS  Conifer",222303,"EVT  Conifer-Hardwood",2084
"785",1623,9317,1104,246,"BPS  Conifer",222303,"EVT  Exotic Tree-Shrub",1673
"786",1623,9318,46,10,"BPS  Conifer",222303,"EVT  Riparian",24
"787",1623,9611,2,0,"BPS  Conifer",222303,"EVT  Shrubland",5
"788",1623,9617,7,2,"BPS  Conifer",222303,"EVT  Riparian",29
"789",1623,9620,307,68,"BPS  Conifer",222303,"EVT  Riparian",1724
"790",1623,9817,6901,1535,"BPS  Conifer",222303,"EVT  Exotic Herbaceous",8662
"791",1624,7238,11,2,"BPS  Conifer",9757,"EVT  Hardwood",1634
"792",1624,7239,106,24,"BPS  Conifer",9757,"EVT  Conifer-Hardwood",11573
"793",1624,7240,39,9,"BPS  Conifer",9757,"EVT  Hardwood",2706
"794",1624,7241,7672,1706,"BPS  Conifer",9757,"EVT  Conifer-Hardwood",59120
"795",1624,7296,4,1,"BPS  Conifer",9757,"EVT  Developed-Low Intensity",1325
"796",1624,7297,3,1,"BPS  Conifer",9757,"EVT  Developed-Medium Intensity",381
"797",1624,7299,403,90,"BPS  Conifer",9757,"EVT  Developed-Roads",19850
"798",1624,7301,910,202,"BPS  Conifer",9757,"EVT  Hardwood",54451
"799",1624,7302,27783,6179,"BPS  Conifer",9757,"EVT  Hardwood",829885
"800",1624,7362,87,19,"BPS  Conifer",9757,"EVT  Conifer",16202
"801",1624,7366,3848,856,"BPS  Conifer",9757,"EVT  Conifer",56367
"802",1624,7481,676,150,"BPS  Conifer",9757,"EVT  Riparian",156462
"803",1624,7905,111,25,"BPS  Conifer",9757,"EVT  Developed",17983
"804",1624,7906,23,5,"BPS  Conifer",9757,"EVT  Developed",7863
"805",1624,7907,312,69,"BPS  Conifer",9757,"EVT  Developed",12451
"806",1624,7925,3,1,"BPS  Conifer",9757,"EVT  Developed",452
"807",1624,7926,1,0,"BPS  Conifer",9757,"EVT  Developed",346
"808",1624,7977,10,2,"BPS  Conifer",9757,"EVT  Agricultural",8320
"809",1624,9056,77,17,"BPS  Conifer",9757,"EVT  Riparian",77147
"810",1624,9088,1,0,"BPS  Conifer",9757,"EVT  Conifer",51
"811",1624,9089,1500,334,"BPS  Conifer",9757,"EVT  Conifer",101005
"812",1624,9111,1,0,"BPS  Conifer",9757,"EVT  Conifer",33
"813",1624,9112,212,47,"BPS  Conifer",9757,"EVT  Conifer",35681
"814",1624,9117,24,5,"BPS  Conifer",9757,"EVT  Riparian",2003
"815",1624,9118,2,0,"BPS  Conifer",9757,"EVT  Riparian",2867
"816",1624,9120,4,1,"BPS  Conifer",9757,"EVT  Riparian",5024
"817",1624,9312,19,4,"BPS  Conifer",9757,"EVT  Conifer",16626
"818",1624,9317,6,1,"BPS  Conifer",9757,"EVT  Exotic Tree-Shrub",1673
"819",1624,9620,6,1,"BPS  Conifer",9757,"EVT  Riparian",1724
"820",1624,9817,20,4,"BPS  Conifer",9757,"EVT  Exotic Herbaceous",8662
"821",1625,7238,568,126,"BPS  Hardwood-Conifer",58935,"EVT  Hardwood",1634
"822",1625,7239,3548,789,"BPS  Hardwood-Conifer",58935,"EVT  Conifer-Hardwood",11573
"823",1625,7240,663,147,"BPS  Hardwood-Conifer",58935,"EVT  Hardwood",2706
"824",1625,7241,31533,7013,"BPS  Hardwood-Conifer",58935,"EVT  Conifer-Hardwood",59120
"825",1625,7242,1,0,"BPS  Hardwood-Conifer",58935,"EVT  Hardwood",17
"826",1625,7243,1,0,"BPS  Hardwood-Conifer",58935,"EVT  Conifer-Hardwood",10
"827",1625,7296,211,47,"BPS  Hardwood-Conifer",58935,"EVT  Developed-Low Intensity",1325
"828",1625,7297,51,11,"BPS  Hardwood-Conifer",58935,"EVT  Developed-Medium Intensity",381
"829",1625,7298,6,1,"BPS  Hardwood-Conifer",58935,"EVT  Developed-High Intensity",60
"830",1625,7299,3002,668,"BPS  Hardwood-Conifer",58935,"EVT  Developed-Roads",19850
"831",1625,7301,14520,3229,"BPS  Hardwood-Conifer",58935,"EVT  Hardwood",54451
"832",1625,7302,107292,23861,"BPS  Hardwood-Conifer",58935,"EVT  Hardwood",829885
"833",1625,7362,3536,786,"BPS  Hardwood-Conifer",58935,"EVT  Conifer",16202
"834",1625,7366,43598,9696,"BPS  Hardwood-Conifer",58935,"EVT  Conifer",56367
"835",1625,7407,17,4,"BPS  Hardwood-Conifer",58935,"EVT  Conifer",104
"836",1625,7481,5124,1140,"BPS  Hardwood-Conifer",58935,"EVT  Riparian",156462
"837",1625,7905,1496,333,"BPS  Hardwood-Conifer",58935,"EVT  Developed",17983
"838",1625,7906,1974,439,"BPS  Hardwood-Conifer",58935,"EVT  Developed",7863
"839",1625,7907,2162,481,"BPS  Hardwood-Conifer",58935,"EVT  Developed",12451
"840",1625,7908,77,17,"BPS  Hardwood-Conifer",58935,"EVT  Developed",748
"841",1625,7909,41,9,"BPS  Hardwood-Conifer",58935,"EVT  Developed",346
"842",1625,7925,46,10,"BPS  Hardwood-Conifer",58935,"EVT  Developed",452
"843",1625,7926,35,8,"BPS  Hardwood-Conifer",58935,"EVT  Developed",346
"844",1625,7927,11,2,"BPS  Hardwood-Conifer",58935,"EVT  Developed",123
"845",1625,7928,3,1,"BPS  Hardwood-Conifer",58935,"EVT  Developed",14
"846",1625,7929,6,1,"BPS  Hardwood-Conifer",58935,"EVT  Developed",92
"847",1625,7970,2,0,"BPS  Hardwood-Conifer",58935,"EVT  Agricultural",22
"848",1625,7973,17,4,"BPS  Hardwood-Conifer",58935,"EVT  Agricultural",339
"849",1625,7974,6,1,"BPS  Hardwood-Conifer",58935,"EVT  Agricultural",40
"850",1625,7975,2,0,"BPS  Hardwood-Conifer",58935,"EVT  Agricultural",262
"851",1625,7976,32,7,"BPS  Hardwood-Conifer",58935,"EVT  Agricultural",771
"852",1625,7977,2015,448,"BPS  Hardwood-Conifer",58935,"EVT  Agricultural",8320
"853",1625,7978,5,1,"BPS  Hardwood-Conifer",58935,"EVT  Agricultural",17
"854",1625,9055,11,2,"BPS  Hardwood-Conifer",58935,"EVT  Riparian",3325
"855",1625,9056,1466,326,"BPS  Hardwood-Conifer",58935,"EVT  Riparian",77147
"856",1625,9057,5,1,"BPS  Hardwood-Conifer",58935,"EVT  Riparian",783
"857",1625,9088,17,4,"BPS  Hardwood-Conifer",58935,"EVT  Conifer",51
"858",1625,9089,21661,4817,"BPS  Hardwood-Conifer",58935,"EVT  Conifer",101005
"859",1625,9111,3,1,"BPS  Hardwood-Conifer",58935,"EVT  Conifer",33
"860",1625,9112,13812,3072,"BPS  Hardwood-Conifer",58935,"EVT  Conifer",35681
"861",1625,9114,1,0,"BPS  Hardwood-Conifer",58935,"EVT  Riparian",156
"862",1625,9117,56,12,"BPS  Hardwood-Conifer",58935,"EVT  Riparian",2003
"863",1625,9118,48,11,"BPS  Hardwood-Conifer",58935,"EVT  Riparian",2867
"864",1625,9120,67,15,"BPS  Hardwood-Conifer",58935,"EVT  Riparian",5024
"865",1625,9295,17,4,"BPS  Hardwood-Conifer",58935,"EVT  Conifer-Hardwood",38
"866",1625,9312,5134,1142,"BPS  Hardwood-Conifer",58935,"EVT  Conifer",16626
"867",1625,9314,4,1,"BPS  Hardwood-Conifer",58935,"EVT  Riparian",116
"868",1625,9315,253,56,"BPS  Hardwood-Conifer",58935,"EVT  Conifer-Hardwood",2084
"869",1625,9317,111,25,"BPS  Hardwood-Conifer",58935,"EVT  Exotic Tree-Shrub",1673
"870",1625,9318,1,0,"BPS  Hardwood-Conifer",58935,"EVT  Riparian",24
"871",1625,9611,1,0,"BPS  Hardwood-Conifer",58935,"EVT  Shrubland",5
"872",1625,9620,18,4,"BPS  Hardwood-Conifer",58935,"EVT  Riparian",1724
"873",1625,9817,715,159,"BPS  Hardwood-Conifer",58935,"EVT  Exotic Herbaceous",8662
"874",1628,7238,8,2,"BPS  Hardwood-Conifer",497,"EVT  Hardwood",1634
"875",1628,7239,79,18,"BPS  Hardwood-Conifer",497,"EVT  Conifer-Hardwood",11573
"876",1628,7240,5,1,"BPS  Hardwood-Conifer",497,"EVT  Hardwood",2706
"877",1628,7241,134,30,"BPS  Hardwood-Conifer",497,"EVT  Conifer-Hardwood",59120
"878",1628,7296,2,0,"BPS  Hardwood-Conifer",497,"EVT  Developed-Low Intensity",1325
"879",1628,7299,42,9,"BPS  Hardwood-Conifer",497,"EVT  Developed-Roads",19850
"880",1628,7301,202,45,"BPS  Hardwood-Conifer",497,"EVT  Hardwood",54451
"881",1628,7302,385,86,"BPS  Hardwood-Conifer",497,"EVT  Hardwood",829885
"882",1628,7362,83,18,"BPS  Hardwood-Conifer",497,"EVT  Conifer",16202
"883",1628,7366,298,66,"BPS  Hardwood-Conifer",497,"EVT  Conifer",56367
"884",1628,7481,65,14,"BPS  Hardwood-Conifer",497,"EVT  Riparian",156462
"885",1628,7905,5,1,"BPS  Hardwood-Conifer",497,"EVT  Developed",17983
"886",1628,7906,42,9,"BPS  Hardwood-Conifer",497,"EVT  Developed",7863
"887",1628,7907,18,4,"BPS  Hardwood-Conifer",497,"EVT  Developed",12451
"888",1628,7908,1,0,"BPS  Hardwood-Conifer",497,"EVT  Developed",748
"889",1628,7909,1,0,"BPS  Hardwood-Conifer",497,"EVT  Developed",346
"890",1628,7929,1,0,"BPS  Hardwood-Conifer",497,"EVT  Developed",92
"891",1628,7977,1,0,"BPS  Hardwood-Conifer",497,"EVT  Agricultural",8320
"892",1628,9056,36,8,"BPS  Hardwood-Conifer",497,"EVT  Riparian",77147
"893",1628,9088,1,0,"BPS  Hardwood-Conifer",497,"EVT  Conifer",51
"894",1628,9089,283,63,"BPS  Hardwood-Conifer",497,"EVT  Conifer",101005
"895",1628,9112,346,77,"BPS  Hardwood-Conifer",497,"EVT  Conifer",35681
"896",1628,9117,2,0,"BPS  Hardwood-Conifer",497,"EVT  Riparian",2003
"897",1628,9118,1,0,"BPS  Hardwood-Conifer",497,"EVT  Riparian",2867
"898",1628,9120,3,1,"BPS  Hardwood-Conifer",497,"EVT  Riparian",5024
"899",1628,9312,184,41,"BPS  Hardwood-Conifer",497,"EVT  Conifer",16626
"900",1628,9317,3,1,"BPS  Hardwood-Conifer",497,"EVT  Exotic Tree-Shrub",1673
"901",1628,9620,2,0,"BPS  Hardwood-Conifer",497,"EVT  Riparian",1724
"902",1628,9817,3,1,"BPS  Hardwood-Conifer",497,"EVT  Exotic Herbaceous",8662
"903",1629,7238,6,1,"BPS  Conifer",200,"EVT  Hardwood",1634
"904",1629,7239,22,5,"BPS  Conifer",200,"EVT  Conifer-Hardwood",11573
"905",1629,7240,2,0,"BPS  Conifer",200,"EVT  Hardwood",2706
"906",1629,7241,30,7,"BPS  Conifer",200,"EVT  Conifer-Hardwood",59120
"907",1629,7299,64,14,"BPS  Conifer",200,"EVT  Developed-Roads",19850
"908",1629,7301,33,7,"BPS  Conifer",200,"EVT  Hardwood",54451
"909",1629,7302,68,15,"BPS  Conifer",200,"EVT  Hardwood",829885
"910",1629,7362,20,4,"BPS  Conifer",200,"EVT  Conifer",16202
"911",1629,7366,30,7,"BPS  Conifer",200,"EVT  Conifer",56367
"912",1629,7481,9,2,"BPS  Conifer",200,"EVT  Riparian",156462
"913",1629,7906,5,1,"BPS  Conifer",200,"EVT  Developed",7863
"914",1629,7907,2,0,"BPS  Conifer",200,"EVT  Developed",12451
"915",1629,7908,1,0,"BPS  Conifer",200,"EVT  Developed",748
"916",1629,9056,16,4,"BPS  Conifer",200,"EVT  Riparian",77147
"917",1629,9057,18,4,"BPS  Conifer",200,"EVT  Riparian",783
"918",1629,9089,33,7,"BPS  Conifer",200,"EVT  Conifer",101005
"919",1629,9112,367,82,"BPS  Conifer",200,"EVT  Conifer",35681
"920",1629,9120,7,2,"BPS  Conifer",200,"EVT  Riparian",5024
"921",1629,9312,54,12,"BPS  Conifer",200,"EVT  Conifer",16626
"922",1629,9317,37,8,"BPS  Conifer",200,"EVT  Exotic Tree-Shrub",1673
"923",1629,9817,77,17,"BPS  Conifer",200,"EVT  Exotic Herbaceous",8662
"924",1633,7238,3,1,"BPS  Hardwood",1710,"EVT  Hardwood",1634
"925",1633,7239,17,4,"BPS  Hardwood",1710,"EVT  Conifer-Hardwood",11573
"926",1633,7240,7,2,"BPS  Hardwood",1710,"EVT  Hardwood",2706
"927",1633,7241,93,21,"BPS  Hardwood",1710,"EVT  Conifer-Hardwood",59120
"928",1633,7296,3,1,"BPS  Hardwood",1710,"EVT  Developed-Low Intensity",1325
"929",1633,7299,25,6,"BPS  Hardwood",1710,"EVT  Developed-Roads",19850
"930",1633,7301,79,18,"BPS  Hardwood",1710,"EVT  Hardwood",54451
"931",1633,7302,686,153,"BPS  Hardwood",1710,"EVT  Hardwood",829885
"932",1633,7362,45,10,"BPS  Hardwood",1710,"EVT  Conifer",16202
"933",1633,7366,288,64,"BPS  Hardwood",1710,"EVT  Conifer",56367
"934",1633,7481,3742,832,"BPS  Hardwood",1710,"EVT  Riparian",156462
"935",1633,7905,9,2,"BPS  Hardwood",1710,"EVT  Developed",17983
"936",1633,7906,19,4,"BPS  Hardwood",1710,"EVT  Developed",7863
"937",1633,7907,23,5,"BPS  Hardwood",1710,"EVT  Developed",12451
"938",1633,7908,3,1,"BPS  Hardwood",1710,"EVT  Developed",748
"939",1633,7925,3,1,"BPS  Hardwood",1710,"EVT  Developed",452
"940",1633,7926,4,1,"BPS  Hardwood",1710,"EVT  Developed",346
"941",1633,7927,1,0,"BPS  Hardwood",1710,"EVT  Developed",123
"942",1633,7973,1,0,"BPS  Hardwood",1710,"EVT  Agricultural",339
"943",1633,7976,4,1,"BPS  Hardwood",1710,"EVT  Agricultural",771
"944",1633,9055,30,7,"BPS  Hardwood",1710,"EVT  Riparian",3325
"945",1633,9056,1318,293,"BPS  Hardwood",1710,"EVT  Riparian",77147
"946",1633,9057,5,1,"BPS  Hardwood",1710,"EVT  Riparian",783
"947",1633,9089,744,165,"BPS  Hardwood",1710,"EVT  Conifer",101005
"948",1633,9112,120,27,"BPS  Hardwood",1710,"EVT  Conifer",35681
"949",1633,9114,6,1,"BPS  Hardwood",1710,"EVT  Riparian",156
"950",1633,9117,126,28,"BPS  Hardwood",1710,"EVT  Riparian",2003
"951",1633,9118,59,13,"BPS  Hardwood",1710,"EVT  Riparian",2867
"952",1633,9120,110,24,"BPS  Hardwood",1710,"EVT  Riparian",5024
"953",1633,9312,1,0,"BPS  Hardwood",1710,"EVT  Conifer",16626
"954",1633,9314,2,0,"BPS  Hardwood",1710,"EVT  Riparian",116
"955",1633,9315,5,1,"BPS  Hardwood",1710,"EVT  Conifer-Hardwood",2084
"956",1633,9317,12,3,"BPS  Hardwood",1710,"EVT  Exotic Tree-Shrub",1673
"957",1633,9620,42,9,"BPS  Hardwood",1710,"EVT  Riparian",1724
"958",1633,9817,54,12,"BPS  Hardwood",1710,"EVT  Exotic Herbaceous",8662
"959",1634,7481,1,0,"BPS  Riparian",1,"EVT  Riparian",156462
"960",1634,9056,4,1,"BPS  Riparian",1,"EVT  Riparian",77147
"961",1634,9112,1,0,"BPS  Riparian",1,"EVT  Conifer",35681
"962",1636,7238,6,1,"BPS  Riparian",2362,"EVT  Hardwood",1634
"963",1636,7239,21,5,"BPS  Riparian",2362,"EVT  Conifer-Hardwood",11573
"964",1636,7240,13,3,"BPS  Riparian",2362,"EVT  Hardwood",2706
"965",1636,7241,189,42,"BPS  Riparian",2362,"EVT  Conifer-Hardwood",59120
"966",1636,7296,2,0,"BPS  Riparian",2362,"EVT  Developed-Low Intensity",1325
"967",1636,7299,40,9,"BPS  Riparian",2362,"EVT  Developed-Roads",19850
"968",1636,7301,193,43,"BPS  Riparian",2362,"EVT  Hardwood",54451
"969",1636,7302,1924,428,"BPS  Riparian",2362,"EVT  Hardwood",829885
"970",1636,7362,76,17,"BPS  Riparian",2362,"EVT  Conifer",16202
"971",1636,7366,696,155,"BPS  Riparian",2362,"EVT  Conifer",56367
"972",1636,7481,4270,950,"BPS  Riparian",2362,"EVT  Riparian",156462
"973",1636,7905,17,4,"BPS  Riparian",2362,"EVT  Developed",17983
"974",1636,7906,11,2,"BPS  Riparian",2362,"EVT  Developed",7863
"975",1636,7907,18,4,"BPS  Riparian",2362,"EVT  Developed",12451
"976",1636,7908,2,0,"BPS  Riparian",2362,"EVT  Developed",748
"977",1636,7929,2,0,"BPS  Riparian",2362,"EVT  Developed",92
"978",1636,7976,24,5,"BPS  Riparian",2362,"EVT  Agricultural",771
"979",1636,7977,8,2,"BPS  Riparian",2362,"EVT  Agricultural",8320
"980",1636,9055,78,17,"BPS  Riparian",2362,"EVT  Riparian",3325
"981",1636,9056,1201,267,"BPS  Riparian",2362,"EVT  Riparian",77147
"982",1636,9057,20,4,"BPS  Riparian",2362,"EVT  Riparian",783
"983",1636,9088,7,2,"BPS  Riparian",2362,"EVT  Conifer",51
"984",1636,9089,812,181,"BPS  Riparian",2362,"EVT  Conifer",101005
"985",1636,9112,251,56,"BPS  Riparian",2362,"EVT  Conifer",35681
"986",1636,9114,2,0,"BPS  Riparian",2362,"EVT  Riparian",156
"987",1636,9117,118,26,"BPS  Riparian",2362,"EVT  Riparian",2003
"988",1636,9118,168,37,"BPS  Riparian",2362,"EVT  Riparian",2867
"989",1636,9120,134,30,"BPS  Riparian",2362,"EVT  Riparian",5024
"990",1636,9312,2,0,"BPS  Riparian",2362,"EVT  Conifer",16626
"991",1636,9317,38,8,"BPS  Riparian",2362,"EVT  Exotic Tree-Shrub",1673
"992",1636,9617,1,0,"BPS  Riparian",2362,"EVT  Riparian",29
"993",1636,9620,78,17,"BPS  Riparian",2362,"EVT  Riparian",1724
"994",1636,9817,201,45,"BPS  Riparian",2362,"EVT  Exotic Herbaceous",8662
"995",1637,7238,123,27,"BPS  Riparian",84785,"EVT  Hardwood",1634
"996",1637,7239,1001,223,"BPS  Riparian",84785,"EVT  Conifer-Hardwood",11573
"997",1637,7240,201,45,"BPS  Riparian",84785,"EVT  Hardwood",2706
"998",1637,7241,2057,457,"BPS  Riparian",84785,"EVT  Conifer-Hardwood",59120
"999",1637,7242,1,0,"BPS  Riparian",84785,"EVT  Hardwood",17
"1000",1637,7243,1,0,"BPS  Riparian",84785,"EVT  Conifer-Hardwood",10
"1001",1637,7296,146,32,"BPS  Riparian",84785,"EVT  Developed-Low Intensity",1325
"1002",1637,7297,25,6,"BPS  Riparian",84785,"EVT  Developed-Medium Intensity",381
"1003",1637,7298,1,0,"BPS  Riparian",84785,"EVT  Developed-High Intensity",60
"1004",1637,7299,1866,415,"BPS  Riparian",84785,"EVT  Developed-Roads",19850
"1005",1637,7301,2594,577,"BPS  Riparian",84785,"EVT  Hardwood",54451
"1006",1637,7302,25971,5776,"BPS  Riparian",84785,"EVT  Hardwood",829885
"1007",1637,7362,5246,1167,"BPS  Riparian",84785,"EVT  Conifer",16202
"1008",1637,7366,11140,2477,"BPS  Riparian",84785,"EVT  Conifer",56367
"1009",1637,7407,9,2,"BPS  Riparian",84785,"EVT  Conifer",104
"1010",1637,7481,140896,31335,"BPS  Riparian",84785,"EVT  Riparian",156462
"1011",1637,7905,351,78,"BPS  Riparian",84785,"EVT  Developed",17983
"1012",1637,7906,2261,503,"BPS  Riparian",84785,"EVT  Developed",7863
"1013",1637,7907,1117,248,"BPS  Riparian",84785,"EVT  Developed",12451
"1014",1637,7908,54,12,"BPS  Riparian",84785,"EVT  Developed",748
"1015",1637,7909,16,4,"BPS  Riparian",84785,"EVT  Developed",346
"1016",1637,7925,33,7,"BPS  Riparian",84785,"EVT  Developed",452
"1017",1637,7926,146,32,"BPS  Riparian",84785,"EVT  Developed",346
"1018",1637,7927,25,6,"BPS  Riparian",84785,"EVT  Developed",123
"1019",1637,7928,4,1,"BPS  Riparian",84785,"EVT  Developed",14
"1020",1637,7929,12,3,"BPS  Riparian",84785,"EVT  Developed",92
"1021",1637,7970,1,0,"BPS  Riparian",84785,"EVT  Agricultural",22
"1022",1637,7973,42,9,"BPS  Riparian",84785,"EVT  Agricultural",339
"1023",1637,7974,1,0,"BPS  Riparian",84785,"EVT  Agricultural",40
"1024",1637,7975,3,1,"BPS  Riparian",84785,"EVT  Agricultural",262
"1025",1637,7976,521,116,"BPS  Riparian",84785,"EVT  Agricultural",771
"1026",1637,7977,333,74,"BPS  Riparian",84785,"EVT  Agricultural",8320
"1027",1637,9055,5714,1271,"BPS  Riparian",84785,"EVT  Riparian",3325
"1028",1637,9056,118090,26263,"BPS  Riparian",84785,"EVT  Riparian",77147
"1029",1637,9057,1347,300,"BPS  Riparian",84785,"EVT  Riparian",783
"1030",1637,9088,21,5,"BPS  Riparian",84785,"EVT  Conifer",51
"1031",1637,9089,29497,6560,"BPS  Riparian",84785,"EVT  Conifer",101005
"1032",1637,9112,9346,2079,"BPS  Riparian",84785,"EVT  Conifer",35681
"1033",1637,9114,265,59,"BPS  Riparian",84785,"EVT  Riparian",156
"1034",1637,9117,1313,292,"BPS  Riparian",84785,"EVT  Riparian",2003
"1035",1637,9118,4597,1022,"BPS  Riparian",84785,"EVT  Riparian",2867
"1036",1637,9120,8734,1942,"BPS  Riparian",84785,"EVT  Riparian",5024
"1037",1637,9295,2,0,"BPS  Riparian",84785,"EVT  Conifer-Hardwood",38
"1038",1637,9312,1750,389,"BPS  Riparian",84785,"EVT  Conifer",16626
"1039",1637,9314,13,3,"BPS  Riparian",84785,"EVT  Riparian",116
"1040",1637,9315,17,4,"BPS  Riparian",84785,"EVT  Conifer-Hardwood",2084
"1041",1637,9317,377,84,"BPS  Riparian",84785,"EVT  Exotic Tree-Shrub",1673
"1042",1637,9318,1,0,"BPS  Riparian",84785,"EVT  Riparian",24
"1043",1637,9617,35,8,"BPS  Riparian",84785,"EVT  Riparian",29
"1044",1637,9620,2512,559,"BPS  Riparian",84785,"EVT  Riparian",1724
"1045",1637,9817,1409,313,"BPS  Riparian",84785,"EVT  Exotic Herbaceous",8662
"1046",1639,7238,173,38,"BPS  Riparian",97528,"EVT  Hardwood",1634
"1047",1639,7239,1221,272,"BPS  Riparian",97528,"EVT  Conifer-Hardwood",11573
"1048",1639,7240,404,90,"BPS  Riparian",97528,"EVT  Hardwood",2706
"1049",1639,7241,5323,1184,"BPS  Riparian",97528,"EVT  Conifer-Hardwood",59120
"1050",1639,7242,2,0,"BPS  Riparian",97528,"EVT  Hardwood",17
"1051",1639,7295,1,0,"BPS  Riparian",97528,"EVT  Quarries-Strip Mines-Gravel Pits-Well and Wind Pads",18
"1052",1639,7296,88,20,"BPS  Riparian",97528,"EVT  Developed-Low Intensity",1325
"1053",1639,7297,11,2,"BPS  Riparian",97528,"EVT  Developed-Medium Intensity",381
"1054",1639,7298,1,0,"BPS  Riparian",97528,"EVT  Developed-High Intensity",60
"1055",1639,7299,935,208,"BPS  Riparian",97528,"EVT  Developed-Roads",19850
"1056",1639,7301,6049,1345,"BPS  Riparian",97528,"EVT  Hardwood",54451
"1057",1639,7302,54910,12212,"BPS  Riparian",97528,"EVT  Hardwood",829885
"1058",1639,7362,4839,1076,"BPS  Riparian",97528,"EVT  Conifer",16202
"1059",1639,7366,20869,4641,"BPS  Riparian",97528,"EVT  Conifer",56367
"1060",1639,7407,12,3,"BPS  Riparian",97528,"EVT  Conifer",104
"1061",1639,7481,240182,53415,"BPS  Riparian",97528,"EVT  Riparian",156462
"1062",1639,7905,451,100,"BPS  Riparian",97528,"EVT  Developed",17983
"1063",1639,7906,1582,352,"BPS  Riparian",97528,"EVT  Developed",7863
"1064",1639,7907,1357,302,"BPS  Riparian",97528,"EVT  Developed",12451
"1065",1639,7908,18,4,"BPS  Riparian",97528,"EVT  Developed",748
"1066",1639,7909,11,2,"BPS  Riparian",97528,"EVT  Developed",346
"1067",1639,7925,21,5,"BPS  Riparian",97528,"EVT  Developed",452
"1068",1639,7926,45,10,"BPS  Riparian",97528,"EVT  Developed",346
"1069",1639,7927,21,5,"BPS  Riparian",97528,"EVT  Developed",123
"1070",1639,7928,2,0,"BPS  Riparian",97528,"EVT  Developed",14
"1071",1639,7929,7,2,"BPS  Riparian",97528,"EVT  Developed",92
"1072",1639,7973,46,10,"BPS  Riparian",97528,"EVT  Agricultural",339
"1073",1639,7974,2,0,"BPS  Riparian",97528,"EVT  Agricultural",40
"1074",1639,7975,3,1,"BPS  Riparian",97528,"EVT  Agricultural",262
"1075",1639,7976,301,67,"BPS  Riparian",97528,"EVT  Agricultural",771
"1076",1639,7977,346,77,"BPS  Riparian",97528,"EVT  Agricultural",8320
"1077",1639,7978,1,0,"BPS  Riparian",97528,"EVT  Agricultural",17
"1078",1639,9055,1527,340,"BPS  Riparian",97528,"EVT  Riparian",3325
"1079",1639,9056,48995,10896,"BPS  Riparian",97528,"EVT  Riparian",77147
"1080",1639,9057,260,58,"BPS  Riparian",97528,"EVT  Riparian",783
"1081",1639,9088,12,3,"BPS  Riparian",97528,"EVT  Conifer",51
"1082",1639,9089,31550,7017,"BPS  Riparian",97528,"EVT  Conifer",101005
"1083",1639,9112,5774,1284,"BPS  Riparian",97528,"EVT  Conifer",35681
"1084",1639,9114,67,15,"BPS  Riparian",97528,"EVT  Riparian",156
"1085",1639,9117,2366,526,"BPS  Riparian",97528,"EVT  Riparian",2003
"1086",1639,9118,917,204,"BPS  Riparian",97528,"EVT  Riparian",2867
"1087",1639,9120,3889,865,"BPS  Riparian",97528,"EVT  Riparian",5024
"1088",1639,9295,1,0,"BPS  Riparian",97528,"EVT  Conifer-Hardwood",38
"1089",1639,9312,1279,284,"BPS  Riparian",97528,"EVT  Conifer",16626
"1090",1639,9314,12,3,"BPS  Riparian",97528,"EVT  Riparian",116
"1091",1639,9315,34,8,"BPS  Riparian",97528,"EVT  Conifer-Hardwood",2084
"1092",1639,9317,213,47,"BPS  Riparian",97528,"EVT  Exotic Tree-Shrub",1673
"1093",1639,9318,10,2,"BPS  Riparian",97528,"EVT  Riparian",24
"1094",1639,9617,26,6,"BPS  Riparian",97528,"EVT  Riparian",29
"1095",1639,9620,1385,308,"BPS  Riparian",97528,"EVT  Riparian",1724
"1096",1639,9817,985,219,"BPS  Riparian",97528,"EVT  Exotic Herbaceous",8662
"1097",1640,7299,1,0,"BPS  Riparian",6,"EVT  Developed-Roads",19850
"1098",1640,7302,3,1,"BPS  Riparian",6,"EVT  Hardwood",829885
"1099",1640,7362,1,0,"BPS  Riparian",6,"EVT  Conifer",16202
"1100",1640,7976,1,0,"BPS  Riparian",6,"EVT  Agricultural",771
"1101",1640,7977,1,0,"BPS  Riparian",6,"EVT  Agricultural",8320
"1102",1640,9089,5,1,"BPS  Riparian",6,"EVT  Conifer",101005
"1103",1640,9112,3,1,"BPS  Riparian",6,"EVT  Conifer",35681
"1104",1640,9817,10,2,"BPS  Riparian",6,"EVT  Exotic Herbaceous",8662
"1105",1641,7239,3,1,"BPS  Riparian",8,"EVT  Conifer-Hardwood",11573
"1106",1641,7301,2,0,"BPS  Riparian",8,"EVT  Hardwood",54451
"1107",1641,7302,4,1,"BPS  Riparian",8,"EVT  Hardwood",829885
"1108",1641,7362,1,0,"BPS  Riparian",8,"EVT  Conifer",16202
"1109",1641,7366,4,1,"BPS  Riparian",8,"EVT  Conifer",56367
"1110",1641,7481,7,2,"BPS  Riparian",8,"EVT  Riparian",156462
"1111",1641,9056,3,1,"BPS  Riparian",8,"EVT  Riparian",77147
"1112",1641,9057,1,0,"BPS  Riparian",8,"EVT  Riparian",783
"1113",1641,9089,2,0,"BPS  Riparian",8,"EVT  Conifer",101005
"1114",1641,9112,2,0,"BPS  Riparian",8,"EVT  Conifer",35681
"1115",1641,9120,4,1,"BPS  Riparian",8,"EVT  Riparian",5024
"1116",1641,9312,2,0,"BPS  Riparian",8,"EVT  Conifer",16626
"1117",1641,9314,3,1,"BPS  Riparian",8,"EVT  Riparian",116
"1118",2726,7238,83,18,"BPS  Hardwood-Conifer",11245,"EVT  Hardwood",1634
"1119",2726,7239,1617,360,"BPS  Hardwood-Conifer",11245,"EVT  Conifer-Hardwood",11573
"1120",2726,7240,75,17,"BPS  Hardwood-Conifer",11245,"EVT  Hardwood",2706
"1121",2726,7241,1103,245,"BPS  Hardwood-Conifer",11245,"EVT  Conifer-Hardwood",59120
"1122",2726,7295,15,3,"BPS  Hardwood-Conifer",11245,"EVT  Quarries-Strip Mines-Gravel Pits-Well and Wind Pads",18
"1123",2726,7296,143,32,"BPS  Hardwood-Conifer",11245,"EVT  Developed-Low Intensity",1325
"1124",2726,7297,58,13,"BPS  Hardwood-Conifer",11245,"EVT  Developed-Medium Intensity",381
"1125",2726,7298,23,5,"BPS  Hardwood-Conifer",11245,"EVT  Developed-High Intensity",60
"1126",2726,7299,1901,423,"BPS  Hardwood-Conifer",11245,"EVT  Developed-Roads",19850
"1127",2726,7301,529,118,"BPS  Hardwood-Conifer",11245,"EVT  Hardwood",54451
"1128",2726,7302,23114,5140,"BPS  Hardwood-Conifer",11245,"EVT  Hardwood",829885
"1129",2726,7362,1852,412,"BPS  Hardwood-Conifer",11245,"EVT  Conifer",16202
"1130",2726,7366,724,161,"BPS  Hardwood-Conifer",11245,"EVT  Conifer",56367
"1131",2726,7407,1,0,"BPS  Hardwood-Conifer",11245,"EVT  Conifer",104
"1132",2726,7481,1989,442,"BPS  Hardwood-Conifer",11245,"EVT  Riparian",156462
"1133",2726,7905,951,211,"BPS  Hardwood-Conifer",11245,"EVT  Developed",17983
"1134",2726,7906,1299,289,"BPS  Hardwood-Conifer",11245,"EVT  Developed",7863
"1135",2726,7907,1270,282,"BPS  Hardwood-Conifer",11245,"EVT  Developed",12451
"1136",2726,7908,141,31,"BPS  Hardwood-Conifer",11245,"EVT  Developed",748
"1137",2726,7909,67,15,"BPS  Hardwood-Conifer",11245,"EVT  Developed",346
"1138",2726,7925,52,12,"BPS  Hardwood-Conifer",11245,"EVT  Developed",452
"1139",2726,7926,48,11,"BPS  Hardwood-Conifer",11245,"EVT  Developed",346
"1140",2726,7927,21,5,"BPS  Hardwood-Conifer",11245,"EVT  Developed",123
"1141",2726,7928,2,0,"BPS  Hardwood-Conifer",11245,"EVT  Developed",14
"1142",2726,7929,5,1,"BPS  Hardwood-Conifer",11245,"EVT  Developed",92
"1143",2726,7970,1,0,"BPS  Hardwood-Conifer",11245,"EVT  Agricultural",22
"1144",2726,7973,78,17,"BPS  Hardwood-Conifer",11245,"EVT  Agricultural",339
"1145",2726,7974,14,3,"BPS  Hardwood-Conifer",11245,"EVT  Agricultural",40
"1146",2726,7975,736,164,"BPS  Hardwood-Conifer",11245,"EVT  Agricultural",262
"1147",2726,7976,426,95,"BPS  Hardwood-Conifer",11245,"EVT  Agricultural",771
"1148",2726,7977,834,185,"BPS  Hardwood-Conifer",11245,"EVT  Agricultural",8320
"1149",2726,7978,2,0,"BPS  Hardwood-Conifer",11245,"EVT  Agricultural",17
"1150",2726,9055,11,2,"BPS  Hardwood-Conifer",11245,"EVT  Riparian",3325
"1151",2726,9056,1889,420,"BPS  Hardwood-Conifer",11245,"EVT  Riparian",77147
"1152",2726,9057,1,0,"BPS  Hardwood-Conifer",11245,"EVT  Riparian",783
"1153",2726,9089,4099,912,"BPS  Hardwood-Conifer",11245,"EVT  Conifer",101005
"1154",2726,9112,1671,372,"BPS  Hardwood-Conifer",11245,"EVT  Conifer",35681
"1155",2726,9114,6,1,"BPS  Hardwood-Conifer",11245,"EVT  Riparian",156
"1156",2726,9117,46,10,"BPS  Hardwood-Conifer",11245,"EVT  Riparian",2003
"1157",2726,9118,14,3,"BPS  Hardwood-Conifer",11245,"EVT  Riparian",2867
"1158",2726,9120,29,6,"BPS  Hardwood-Conifer",11245,"EVT  Riparian",5024
"1159",2726,9312,2800,623,"BPS  Hardwood-Conifer",11245,"EVT  Conifer",16626
"1160",2726,9314,76,17,"BPS  Hardwood-Conifer",11245,"EVT  Riparian",116
"1161",2726,9315,439,98,"BPS  Hardwood-Conifer",11245,"EVT  Conifer-Hardwood",2084
"1162",2726,9317,26,6,"BPS  Hardwood-Conifer",11245,"EVT  Exotic Tree-Shrub",1673
"1163",2726,9318,11,2,"BPS  Hardwood-Conifer",11245,"EVT  Riparian",24
"1164",2726,9620,9,2,"BPS  Hardwood-Conifer",11245,"EVT  Riparian",1724
"1165",2726,9817,262,58,"BPS  Hardwood-Conifer",11245,"EVT  Exotic Herbaceous",8662
