model_label,Model_Code,refLabel,refPercent,BpS_Name,Var1,Var2,Freq,BPS_CODE,ZONE,total_count,currentPercent
13022_41_50_51_A,13022_41_50_51,A,2,Laurentian-Acadian Northern Hardwoods Forest - Hemlock,1561,1,7,13022,50,759778,0
13022_41_50_51_A,13022_41_50_51,A,2,Laurentian-Acadian Northern Hardwoods Forest - Hemlock,1562,1,15,13022,50,615441,0
13022_41_50_51_A,13022_41_50_51,A,2,Laurentian-Acadian Northern Hardwoods Forest - Hemlock,1614,1,1,13022,51,371764,0
13022_41_50_51_A,13022_41_50_51,A,2,Laurentian-Acadian Northern Hardwoods Forest - Hemlock,1615,1,25,13022,51,2102115,0
13022_41_50_51_B,13022_41_50_51,B,4,Laurentian-Acadian Northern Hardwoods Forest - Hemlock,1561,2,4753,13022,50,759778,0
13022_41_50_51_B,13022_41_50_51,B,4,Laurentian-Acadian Northern Hardwoods Forest - Hemlock,1562,2,4695,13022,50,615441,0
13022_41_50_51_B,13022_41_50_51,B,4,Laurentian-Acadian Northern Hardwoods Forest - Hemlock,1614,2,1271,13022,51,371764,0
13022_41_50_51_B,13022_41_50_51,B,4,Laurentian-Acadian Northern Hardwoods Forest - Hemlock,1615,2,15337,13022,51,2102115,0
13022_41_50_51_C,13022_41_50_51,C,14,Laurentian-Acadian Northern Hardwoods Forest - Hemlock,1561,3,304591,13022,50,759778,40
13022_41_50_51_C,13022_41_50_51,C,14,Laurentian-Acadian Northern Hardwoods Forest - Hemlock,1562,3,231848,13022,50,615441,37
13022_41_50_51_C,13022_41_50_51,C,14,Laurentian-Acadian Northern Hardwoods Forest - Hemlock,1614,3,113530,13022,51,371764,30
13022_41_50_51_C,13022_41_50_51,C,14,Laurentian-Acadian Northern Hardwoods Forest - Hemlock,1615,3,954537,13022,51,2102115,45
13022_41_50_51_D,13022_41_50_51,D,76,Laurentian-Acadian Northern Hardwoods Forest - Hemlock,1561,4,1,13022,51,0,0
13022_41_50_51_E,13022_41_50_51,E,4,Laurentian-Acadian Northern Hardwoods Forest - Hemlock,1561,5,364784,13022,50,759778,48
13022_41_50_51_E,13022_41_50_51,E,4,Laurentian-Acadian Northern Hardwoods Forest - Hemlock,1562,5,294575,13022,50,615441,47
13022_41_50_51_E,13022_41_50_51,E,4,Laurentian-Acadian Northern Hardwoods Forest - Hemlock,1614,5,208942,13022,51,371764,56
13022_41_50_51_E,13022_41_50_51,E,4,Laurentian-Acadian Northern Hardwoods Forest - Hemlock,1615,5,931754,13022,51,2102115,44
13022_41_50_51_Agriculture,13022_41_50_51,Agriculture,0,Laurentian-Acadian Northern Hardwoods Forest - Hemlock,1561,180,3424,13022,50,759778,0
13022_41_50_51_Agriculture,13022_41_50_51,Agriculture,0,Laurentian-Acadian Northern Hardwoods Forest - Hemlock,1562,180,1249,13022,50,615441,0
13022_41_50_51_Agriculture,13022_41_50_51,Agriculture,0,Laurentian-Acadian Northern Hardwoods Forest - Hemlock,1614,180,4133,13022,51,371764,1
13022_41_50_51_Agriculture,13022_41_50_51,Agriculture,0,Laurentian-Acadian Northern Hardwoods Forest - Hemlock,1615,180,9536,13022,51,2102115,0
13022_41_50_51_Developed,13022_41_50_51,Developed,0,Laurentian-Acadian Northern Hardwoods Forest - Hemlock,1561,120,42584,13022,50,759778,5
13022_41_50_51_Developed,13022_41_50_51,Developed,0,Laurentian-Acadian Northern Hardwoods Forest - Hemlock,1562,120,42400,13022,50,615441,6
13022_41_50_51_Developed,13022_41_50_51,Developed,0,Laurentian-Acadian Northern Hardwoods Forest - Hemlock,1614,120,14731,13022,51,371764,3
13022_41_50_51_Developed,13022_41_50_51,Developed,0,Laurentian-Acadian Northern Hardwoods Forest - Hemlock,1615,120,83081,13022,51,2102115,3
13022_41_50_51_Water,13022_41_50_51,Water,0,Laurentian-Acadian Northern Hardwoods Forest - Hemlock,NA,NA,NA,NA,NA,NA,NA
13022_41_50_51_UN,13022_41_50_51,UN,0,Laurentian-Acadian Northern Hardwoods Forest - Hemlock,1561,6,32217,13022,50,759778,4
13022_41_50_51_UN,13022_41_50_51,UN,0,Laurentian-Acadian Northern Hardwoods Forest - Hemlock,1562,6,35312,13022,50,615441,5
13022_41_50_51_UN,13022_41_50_51,UN,0,Laurentian-Acadian Northern Hardwoods Forest - Hemlock,1614,6,22332,13022,51,371764,6
13022_41_50_51_UN,13022_41_50_51,UN,0,Laurentian-Acadian Northern Hardwoods Forest - Hemlock,1615,6,72400,13022,51,2102115,3
13022_41_50_51_UE,13022_41_50_51,UE,0,Laurentian-Acadian Northern Hardwoods Forest - Hemlock,1561,7,7418,13022,50,759778,0
13022_41_50_51_UE,13022_41_50_51,UE,0,Laurentian-Acadian Northern Hardwoods Forest - Hemlock,1562,7,5347,13022,50,615441,0
13022_41_50_51_UE,13022_41_50_51,UE,0,Laurentian-Acadian Northern Hardwoods Forest - Hemlock,1614,7,6824,13022,51,371764,1
13022_41_50_51_UE,13022_41_50_51,UE,0,Laurentian-Acadian Northern Hardwoods Forest - Hemlock,1615,7,35445,13022,51,2102115,1
13023_51_A,13023_51,A,4,Laurentian-Acadian Northern Hardwoods Forest - Northern Sugar Maple-Basswood,NA,NA,NA,NA,NA,NA,NA
13023_51_B,13023_51,B,7,Laurentian-Acadian Northern Hardwoods Forest - Northern Sugar Maple-Basswood,1616,2,364,13023,51,26860,1
13023_51_C,13023_51,C,16,Laurentian-Acadian Northern Hardwoods Forest - Northern Sugar Maple-Basswood,1616,3,15614,13023,51,26860,58
13023_51_D,13023_51,D,69,Laurentian-Acadian Northern Hardwoods Forest - Northern Sugar Maple-Basswood,NA,NA,NA,NA,NA,NA,NA
13023_51_E,13023_51,E,4,Laurentian-Acadian Northern Hardwoods Forest - Northern Sugar Maple-Basswood,1616,5,9706,13023,51,26860,36
13023_51_Agriculture,13023_51,Agriculture,0,Laurentian-Acadian Northern Hardwoods Forest - Northern Sugar Maple-Basswood,1616,180,49,13023,51,26860,0
13023_51_Developed,13023_51,Developed,0,Laurentian-Acadian Northern Hardwoods Forest - Northern Sugar Maple-Basswood,1616,120,692,13023,51,26860,2
13023_51_Water,13023_51,Water,0,Laurentian-Acadian Northern Hardwoods Forest - Northern Sugar Maple-Basswood,NA,NA,NA,NA,NA,NA,NA
13023_51_UN,13023_51,UN,0,Laurentian-Acadian Northern Hardwoods Forest - Northern Sugar Maple-Basswood,1616,6,290,13023,51,26860,1
13023_51_UE,13023_51,UE,0,Laurentian-Acadian Northern Hardwoods Forest - Northern Sugar Maple-Basswood,1616,7,145,13023,51,26860,0
13441_51_A,13441_51,A,35,Boreal Jack Pine-Black Spruce Forest - Pine Barrens,1620,1,228,13441,51,65797,0
13441_51_B,13441_51,B,15,Boreal Jack Pine-Black Spruce Forest - Pine Barrens,1620,2,42,13441,51,65797,0
13441_51_C,13441_51,C,31,Boreal Jack Pine-Black Spruce Forest - Pine Barrens,1620,3,6978,13441,51,65797,10
13441_51_D,13441_51,D,19,Boreal Jack Pine-Black Spruce Forest - Pine Barrens,1620,4,42621,13441,51,65797,64
13441_51_E,13441_51,E,NA,Boreal Jack Pine-Black Spruce Forest - Pine Barrens,NA,NA,NA,NA,NA,NA,NA
13441_51_Agriculture,13441_51,Agriculture,0,Boreal Jack Pine-Black Spruce Forest - Pine Barrens,1620,180,105,13441,51,65797,0
13441_51_Developed,13441_51,Developed,0,Boreal Jack Pine-Black Spruce Forest - Pine Barrens,1620,120,4070,13441,51,65797,6
13441_51_Water,13441_51,Water,0,Boreal Jack Pine-Black Spruce Forest - Pine Barrens,NA,NA,NA,NA,NA,NA,NA
13441_51_UN,13441_51,UN,0,Boreal Jack Pine-Black Spruce Forest - Pine Barrens,1620,6,1273,13441,51,65797,1
13441_51_UE,13441_51,UE,0,Boreal Jack Pine-Black Spruce Forest - Pine Barrens,1620,7,10480,13441,51,65797,15
13442_51_A,13442_51,A,31,Boreal Jack Pine-Black Spruce Forest - Spruce-Fir,1621,1,4,13442,51,27099,0
13442_51_B,13442_51,B,34,Boreal Jack Pine-Black Spruce Forest - Spruce-Fir,1621,2,261,13442,51,27099,0
13442_51_C,13442_51,C,25,Boreal Jack Pine-Black Spruce Forest - Spruce-Fir,1621,3,16670,13442,51,27099,61
13442_51_D,13442_51,D,10,Boreal Jack Pine-Black Spruce Forest - Spruce-Fir,NA,NA,NA,NA,NA,NA,NA
13442_51_E,13442_51,E,NA,Boreal Jack Pine-Black Spruce Forest - Spruce-Fir,NA,NA,NA,NA,NA,NA,NA
13442_51_Agriculture,13442_51,Agriculture,0,Boreal Jack Pine-Black Spruce Forest - Spruce-Fir,1621,180,31,13442,51,27099,0
13442_51_Developed,13442_51,Developed,0,Boreal Jack Pine-Black Spruce Forest - Spruce-Fir,1621,120,1957,13442,51,27099,7
13442_51_Water,13442_51,Water,0,Boreal Jack Pine-Black Spruce Forest - Spruce-Fir,NA,NA,NA,NA,NA,NA,NA
13442_51_UN,13442_51,UN,0,Boreal Jack Pine-Black Spruce Forest - Spruce-Fir,1621,6,6354,13442,51,27099,23
13442_51_UE,13442_51,UE,0,Boreal Jack Pine-Black Spruce Forest - Spruce-Fir,1621,7,1822,13442,51,27099,6
13620_51_63_64_65_66_A,13620_51_63_64_65_66,A,13,Laurentian-Acadian Northern Pine(-Oak) Forest,1622,1,222,13620,51,95708,0
13620_51_63_64_65_66_B,13620_51_63_64_65_66,B,13,Laurentian-Acadian Northern Pine(-Oak) Forest,1622,2,75910,13620,51,95708,79
13620_51_63_64_65_66_C,13620_51_63_64_65_66,C,48,Laurentian-Acadian Northern Pine(-Oak) Forest,1622,3,3442,13620,51,95708,3
13620_51_63_64_65_66_D,13620_51_63_64_65_66,D,26,Laurentian-Acadian Northern Pine(-Oak) Forest,NA,NA,NA,NA,NA,NA,NA
13620_51_63_64_65_66_E,13620_51_63_64_65_66,E,NA,Laurentian-Acadian Northern Pine(-Oak) Forest,NA,NA,NA,NA,NA,NA,NA
13620_51_63_64_65_66_Agriculture,13620_51_63_64_65_66,Agriculture,0,Laurentian-Acadian Northern Pine(-Oak) Forest,1622,180,1548,13620,51,95708,1
13620_51_63_64_65_66_Developed,13620_51_63_64_65_66,Developed,0,Laurentian-Acadian Northern Pine(-Oak) Forest,1622,120,5628,13620,51,95708,5
13620_51_63_64_65_66_Water,13620_51_63_64_65_66,Water,0,Laurentian-Acadian Northern Pine(-Oak) Forest,NA,NA,NA,NA,NA,NA,NA
13620_51_63_64_65_66_UN,13620_51_63_64_65_66,UN,0,Laurentian-Acadian Northern Pine(-Oak) Forest,NA,NA,NA,NA,NA,NA,NA
13620_51_63_64_65_66_UE,13620_51_63_64_65_66,UE,0,Laurentian-Acadian Northern Pine(-Oak) Forest,1622,7,8958,13620,51,95708,9
13622_41_50_A,13622_41_50,A,17,Laurentian-Acadian Northern Pine(-Oak) Forest - Pine Dominated,2726,1,166,13622,50,50563,0
13622_41_50_B,13622_41_50,B,18,Laurentian-Acadian Northern Pine(-Oak) Forest - Pine Dominated,2726,2,17141,13622,50,50563,33
13622_41_50_C,13622_41_50,C,16,Laurentian-Acadian Northern Pine(-Oak) Forest - Pine Dominated,NA,NA,NA,NA,NA,NA,NA
13622_41_50_D,13622_41_50,D,18,Laurentian-Acadian Northern Pine(-Oak) Forest - Pine Dominated,2726,4,12044,13622,50,50563,23
13622_41_50_E,13622_41_50,E,31,Laurentian-Acadian Northern Pine(-Oak) Forest - Pine Dominated,2726,5,9066,13622,50,50563,17
13622_41_50_Agriculture,13622_41_50,Agriculture,0,Laurentian-Acadian Northern Pine(-Oak) Forest - Pine Dominated,2726,180,2091,13622,50,50563,4
13622_41_50_Developed,13622_41_50,Developed,0,Laurentian-Acadian Northern Pine(-Oak) Forest - Pine Dominated,2726,120,5996,13622,50,50563,11
13622_41_50_Water,13622_41_50,Water,0,Laurentian-Acadian Northern Pine(-Oak) Forest - Pine Dominated,NA,NA,NA,NA,NA,NA,NA
13622_41_50_UN,13622_41_50,UN,0,Laurentian-Acadian Northern Pine(-Oak) Forest - Pine Dominated,2726,6,445,13622,50,50563,0
13622_41_50_UE,13622_41_50,UE,0,Laurentian-Acadian Northern Pine(-Oak) Forest - Pine Dominated,2726,7,3614,13622,50,50563,7
13651_40_41_50_A,13651_40_41_50,A,12,Boreal White Spruce-Fir-Hardwood Forest - Inland,1568,1,30,13651,50,3202,0
13651_40_41_50_B,13651_40_41_50,B,5,Boreal White Spruce-Fir-Hardwood Forest - Inland,NA,NA,NA,NA,NA,NA,NA
13651_40_41_50_C,13651_40_41_50,C,15,Boreal White Spruce-Fir-Hardwood Forest - Inland,1568,3,49,13651,50,3202,1
13651_40_41_50_D,13651_40_41_50,D,68,Boreal White Spruce-Fir-Hardwood Forest - Inland,1568,4,2771,13651,50,3202,86
13651_40_41_50_E,13651_40_41_50,E,NA,Boreal White Spruce-Fir-Hardwood Forest - Inland,NA,NA,NA,NA,NA,NA,NA
13651_40_41_50_Agriculture,13651_40_41_50,Agriculture,0,Boreal White Spruce-Fir-Hardwood Forest - Inland,1568,180,1,13651,50,3202,0
13651_40_41_50_Developed,13651_40_41_50,Developed,0,Boreal White Spruce-Fir-Hardwood Forest - Inland,1568,120,332,13651,50,3202,10
13651_40_41_50_Water,13651_40_41_50,Water,0,Boreal White Spruce-Fir-Hardwood Forest - Inland,NA,NA,NA,NA,NA,NA,NA
13651_40_41_50_UN,13651_40_41_50,UN,0,Boreal White Spruce-Fir-Hardwood Forest - Inland,NA,NA,NA,NA,NA,NA,NA
13651_40_41_50_UE,13651_40_41_50,UE,0,Boreal White Spruce-Fir-Hardwood Forest - Inland,1568,7,19,13651,50,3202,0
13651_51_A,13651_51,A,7,Boreal White Spruce-Fir-Hardwood Forest - Inland,1623,1,2732,13651,51,999589,0
13651_51_B,13651_51,B,22,Boreal White Spruce-Fir-Hardwood Forest - Inland,1623,2,7,13651,51,999589,0
13651_51_C,13651_51,C,7,Boreal White Spruce-Fir-Hardwood Forest - Inland,1623,3,10943,13651,51,999589,1
13651_51_D,13651_51,D,64,Boreal White Spruce-Fir-Hardwood Forest - Inland,1623,4,895018,13651,51,999589,89
13651_51_E,13651_51,E,NA,Boreal White Spruce-Fir-Hardwood Forest - Inland,NA,NA,NA,NA,NA,NA,NA
13651_51_Agriculture,13651_51,Agriculture,0,Boreal White Spruce-Fir-Hardwood Forest - Inland,1623,180,16744,13651,51,999589,1
13651_51_Developed,13651_51,Developed,0,Boreal White Spruce-Fir-Hardwood Forest - Inland,1623,120,42350,13651,51,999589,4
13651_51_Water,13651_51,Water,0,Boreal White Spruce-Fir-Hardwood Forest - Inland,NA,NA,NA,NA,NA,NA,NA
13651_51_UN,13651_51,UN,0,Boreal White Spruce-Fir-Hardwood Forest - Inland,NA,NA,NA,NA,NA,NA,NA
13651_51_UE,13651_51,UE,0,Boreal White Spruce-Fir-Hardwood Forest - Inland,1623,7,31795,13651,51,999589,3
13652_51_A,13652_51,A,4,Boreal White Spruce-Fir-Hardwood Forest - Coastal,1624,1,12,13652,51,43874,0
13652_51_B,13652_51,B,13,Boreal White Spruce-Fir-Hardwood Forest - Coastal,NA,NA,NA,NA,NA,NA,NA
13652_51_C,13652_51,C,4,Boreal White Spruce-Fir-Hardwood Forest - Coastal,1624,3,19,13652,51,43874,0
13652_51_D,13652_51,D,79,Boreal White Spruce-Fir-Hardwood Forest - Coastal,1624,4,42928,13652,51,43874,97
13652_51_E,13652_51,E,NA,Boreal White Spruce-Fir-Hardwood Forest - Coastal,NA,NA,NA,NA,NA,NA,NA
13652_51_Agriculture,13652_51,Agriculture,0,Boreal White Spruce-Fir-Hardwood Forest - Coastal,1624,180,10,13652,51,43874,0
13652_51_Developed,13652_51,Developed,0,Boreal White Spruce-Fir-Hardwood Forest - Coastal,1624,120,860,13652,51,43874,1
13652_51_Water,13652_51,Water,0,Boreal White Spruce-Fir-Hardwood Forest - Coastal,NA,NA,NA,NA,NA,NA,NA
13652_51_UN,13652_51,UN,0,Boreal White Spruce-Fir-Hardwood Forest - Coastal,NA,NA,NA,NA,NA,NA,NA
13652_51_UE,13652_51,UE,0,Boreal White Spruce-Fir-Hardwood Forest - Coastal,1624,7,45,13652,51,43874,0
13660_50_A,13660_50,A,3,Laurentian-Acadian Pine-Hemlock-Hardwood Forest,1569,1,9,13660,50,6003,0
13660_50_B,13660_50,B,16,Laurentian-Acadian Pine-Hemlock-Hardwood Forest,1569,2,34,13660,50,6003,0
13660_50_C,13660_50,C,39,Laurentian-Acadian Pine-Hemlock-Hardwood Forest,1569,3,10,13660,50,6003,0
13660_50_D,13660_50,D,42,Laurentian-Acadian Pine-Hemlock-Hardwood Forest,1569,4,4601,13660,50,6003,76
13660_50_E,13660_50,E,NA,Laurentian-Acadian Pine-Hemlock-Hardwood Forest,NA,NA,NA,NA,NA,NA,NA
13660_50_Agriculture,13660_50,Agriculture,0,Laurentian-Acadian Pine-Hemlock-Hardwood Forest,1569,180,14,13660,50,6003,0
13660_50_Developed,13660_50,Developed,0,Laurentian-Acadian Pine-Hemlock-Hardwood Forest,1569,120,1043,13660,50,6003,17
13660_50_Water,13660_50,Water,0,Laurentian-Acadian Pine-Hemlock-Hardwood Forest,NA,NA,NA,NA,NA,NA,NA
13660_50_UN,13660_50,UN,0,Laurentian-Acadian Pine-Hemlock-Hardwood Forest,NA,NA,NA,NA,NA,NA,NA
13660_50_UE,13660_50,UE,0,Laurentian-Acadian Pine-Hemlock-Hardwood Forest,1569,7,292,13660,50,6003,4
13660_51_63_64_65_66_A,13660_51_63_64_65_66,A,3,Laurentian-Acadian Pine-Hemlock-Hardwood Forest,1625,1,311,13660,51,265002,0
13660_51_63_64_65_66_B,13660_51_63_64_65_66,B,16,Laurentian-Acadian Pine-Hemlock-Hardwood Forest,1625,2,1031,13660,51,265002,0
13660_51_63_64_65_66_C,13660_51_63_64_65_66,C,39,Laurentian-Acadian Pine-Hemlock-Hardwood Forest,1625,3,623,13660,51,265002,0
13660_51_63_64_65_66_D,13660_51_63_64_65_66,D,42,Laurentian-Acadian Pine-Hemlock-Hardwood Forest,1625,4,245619,13660,51,265002,92
13660_51_63_64_65_66_E,13660_51_63_64_65_66,E,NA,Laurentian-Acadian Pine-Hemlock-Hardwood Forest,NA,NA,NA,NA,NA,NA,NA
13660_51_63_64_65_66_Agriculture,13660_51_63_64_65_66,Agriculture,0,Laurentian-Acadian Pine-Hemlock-Hardwood Forest,1625,180,2079,13660,51,265002,0
13660_51_63_64_65_66_Developed,13660_51_63_64_65_66,Developed,0,Laurentian-Acadian Pine-Hemlock-Hardwood Forest,1625,120,9121,13660,51,265002,3
13660_51_63_64_65_66_Water,13660_51_63_64_65_66,Water,0,Laurentian-Acadian Pine-Hemlock-Hardwood Forest,NA,NA,NA,NA,NA,NA,NA
13660_51_63_64_65_66_UN,13660_51_63_64_65_66,UN,0,Laurentian-Acadian Pine-Hemlock-Hardwood Forest,NA,NA,NA,NA,NA,NA,NA
13660_51_63_64_65_66_UE,13660_51_63_64_65_66,UE,0,Laurentian-Acadian Pine-Hemlock-Hardwood Forest,1625,7,6218,13660,51,265002,2
14071_41_50_51_A,14071_41_50_51,A,9,Laurentian Pine-Oak Barrens,1628,1,4,14071,51,2236,0
14071_41_50_51_B,14071_41_50_51,B,1,Laurentian Pine-Oak Barrens,NA,NA,NA,NA,NA,NA,NA
14071_41_50_51_C,14071_41_50_51,C,26,Laurentian Pine-Oak Barrens,1628,3,27,14071,51,2236,1
14071_41_50_51_D,14071_41_50_51,D,62,Laurentian Pine-Oak Barrens,1628,4,448,14071,51,2236,20
14071_41_50_51_E,14071_41_50_51,E,2,Laurentian Pine-Oak Barrens,1628,5,1443,14071,51,2236,64
14071_41_50_51_Agriculture,14071_41_50_51,Agriculture,0,Laurentian Pine-Oak Barrens,1628,180,1,14071,51,2236,0
14071_41_50_51_Developed,14071_41_50_51,Developed,0,Laurentian Pine-Oak Barrens,1628,120,112,14071,51,2236,5
14071_41_50_51_Water,14071_41_50_51,Water,0,Laurentian Pine-Oak Barrens,NA,NA,NA,NA,NA,NA,NA
14071_41_50_51_UN,14071_41_50_51,UN,0,Laurentian Pine-Oak Barrens,1628,6,11,14071,51,2236,0
14071_41_50_51_UE,14071_41_50_51,UE,0,Laurentian Pine-Oak Barrens,1628,7,190,14071,51,2236,8
14072_41_50_51_A,14072_41_50_51,A,14,Laurentian Pine-Oak Barrens - Jack Pine,1629,1,7,14072,51,901,0
14072_41_50_51_B,14072_41_50_51,B,23,Laurentian Pine-Oak Barrens - Jack Pine,NA,NA,NA,NA,NA,NA,NA
14072_41_50_51_C,14072_41_50_51,C,49,Laurentian Pine-Oak Barrens - Jack Pine,1573,3,66,14072,50,73,90
14072_41_50_51_C,14072_41_50_51,C,49,Laurentian Pine-Oak Barrens - Jack Pine,1629,3,654,14072,51,901,72
14072_41_50_51_D,14072_41_50_51,D,14,Laurentian Pine-Oak Barrens - Jack Pine,NA,NA,NA,NA,NA,NA,NA
14072_41_50_51_E,14072_41_50_51,E,NA,Laurentian Pine-Oak Barrens - Jack Pine,NA,NA,NA,NA,NA,NA,NA
14072_41_50_51_Agriculture,14072_41_50_51,Agriculture,0,Laurentian Pine-Oak Barrens - Jack Pine,NA,NA,NA,NA,NA,NA,NA
14072_41_50_51_Developed,14072_41_50_51,Developed,0,Laurentian Pine-Oak Barrens - Jack Pine,1573,120,7,14072,50,73,9
14072_41_50_51_Developed,14072_41_50_51,Developed,0,Laurentian Pine-Oak Barrens - Jack Pine,1629,120,72,14072,51,901,7
14072_41_50_51_Water,14072_41_50_51,Water,0,Laurentian Pine-Oak Barrens - Jack Pine,NA,NA,NA,NA,NA,NA,NA
14072_41_50_51_UN,14072_41_50_51,UN,0,Laurentian Pine-Oak Barrens - Jack Pine,NA,NA,NA,NA,NA,NA,NA
14072_41_50_51_UE,14072_41_50_51,UE,0,Laurentian Pine-Oak Barrens - Jack Pine,1629,7,168,14072,51,901,18
14120_39_40_41_42_43_50_51_A,14120_39_40_41_42_43_50_51,A,80,North-Central Interior Sand and Gravel Tallgrass Prairie,NA,NA,NA,NA,NA,NA,NA
14120_39_40_41_42_43_50_51_B,14120_39_40_41_42_43_50_51,B,16,North-Central Interior Sand and Gravel Tallgrass Prairie,1575,2,22,14120,50,1572,1
14120_39_40_41_42_43_50_51_C,14120_39_40_41_42_43_50_51,C,4,North-Central Interior Sand and Gravel Tallgrass Prairie,NA,NA,NA,NA,NA,NA,NA
14120_39_40_41_42_43_50_51_D,14120_39_40_41_42_43_50_51,D,NA,North-Central Interior Sand and Gravel Tallgrass Prairie,NA,NA,NA,NA,NA,NA,NA
14120_39_40_41_42_43_50_51_E,14120_39_40_41_42_43_50_51,E,NA,North-Central Interior Sand and Gravel Tallgrass Prairie,NA,NA,NA,NA,NA,NA,NA
14120_39_40_41_42_43_50_51_Agriculture,14120_39_40_41_42_43_50_51,Agriculture,0,North-Central Interior Sand and Gravel Tallgrass Prairie,1575,180,4,14120,50,1572,0
14120_39_40_41_42_43_50_51_Developed,14120_39_40_41_42_43_50_51,Developed,0,North-Central Interior Sand and Gravel Tallgrass Prairie,1575,120,237,14120,50,1572,15
14120_39_40_41_42_43_50_51_Water,14120_39_40_41_42_43_50_51,Water,0,North-Central Interior Sand and Gravel Tallgrass Prairie,NA,NA,NA,NA,NA,NA,NA
14120_39_40_41_42_43_50_51_UN,14120_39_40_41_42_43_50_51,UN,0,North-Central Interior Sand and Gravel Tallgrass Prairie,1575,6,1298,14120,50,1572,82
14120_39_40_41_42_43_50_51_UE,14120_39_40_41_42_43_50_51,UE,0,North-Central Interior Sand and Gravel Tallgrass Prairie,1575,7,11,14120,50,1572,0
14210_31_38_42_43_44_50_51_A,14210_31_38_42_43_44_50_51,A,40,Central Tallgrass Prairie,1576,1,5,14210,50,1842,0
14210_31_38_42_43_44_50_51_B,14210_31_38_42_43_44_50_51,B,58,Central Tallgrass Prairie,NA,NA,NA,NA,NA,NA,NA
14210_31_38_42_43_44_50_51_C,14210_31_38_42_43_44_50_51,C,2,Central Tallgrass Prairie,1576,3,1,14210,50,1842,0
14210_31_38_42_43_44_50_51_D,14210_31_38_42_43_44_50_51,D,NA,Central Tallgrass Prairie,NA,NA,NA,NA,NA,NA,NA
14210_31_38_42_43_44_50_51_E,14210_31_38_42_43_44_50_51,E,NA,Central Tallgrass Prairie,NA,NA,NA,NA,NA,NA,NA
14210_31_38_42_43_44_50_51_Agriculture,14210_31_38_42_43_44_50_51,Agriculture,0,Central Tallgrass Prairie,1576,180,3,14210,50,1842,0
14210_31_38_42_43_44_50_51_Developed,14210_31_38_42_43_44_50_51,Developed,0,Central Tallgrass Prairie,1576,120,209,14210,50,1842,11
14210_31_38_42_43_44_50_51_Water,14210_31_38_42_43_44_50_51,Water,0,Central Tallgrass Prairie,NA,NA,NA,NA,NA,NA,NA
14210_31_38_42_43_44_50_51_UN,14210_31_38_42_43_44_50_51,UN,0,Central Tallgrass Prairie,1576,6,1620,14210,50,1842,87
14210_31_38_42_43_44_50_51_UE,14210_31_38_42_43_44_50_51,UE,0,Central Tallgrass Prairie,1576,7,4,14210,50,1842,0
14440_41_50_51_A,14440_41_50_51,A,15,Eastern Boreal Floodplain,1577,1,16,14440,50,8751,0
14440_41_50_51_A,14440_41_50_51,A,15,Eastern Boreal Floodplain,1633,1,2,14440,51,7689,0
14440_41_50_51_B,14440_41_50_51,B,35,Eastern Boreal Floodplain,1633,2,6,14440,51,7689,0
14440_41_50_51_C,14440_41_50_51,C,37,Eastern Boreal Floodplain,1577,3,7678,14440,50,8751,87
14440_41_50_51_C,14440_41_50_51,C,37,Eastern Boreal Floodplain,1633,3,5797,14440,51,7689,75
14440_41_50_51_D,14440_41_50_51,D,13,Eastern Boreal Floodplain,1577,4,344,14440,50,8751,3
14440_41_50_51_D,14440_41_50_51,D,13,Eastern Boreal Floodplain,1633,4,130,14440,51,7689,1
14440_41_50_51_E,14440_41_50_51,E,NA,Eastern Boreal Floodplain,NA,NA,NA,NA,NA,NA,NA
14440_41_50_51_Agriculture,14440_41_50_51,Agriculture,0,Eastern Boreal Floodplain,1577,180,3,14440,50,8751,0
14440_41_50_51_Agriculture,14440_41_50_51,Agriculture,0,Eastern Boreal Floodplain,1633,180,5,14440,51,7689,0
14440_41_50_51_Developed,14440_41_50_51,Developed,0,Eastern Boreal Floodplain,1577,120,188,14440,50,8751,2
14440_41_50_51_Developed,14440_41_50_51,Developed,0,Eastern Boreal Floodplain,1633,120,90,14440,51,7689,1
14440_41_50_51_Water,14440_41_50_51,Water,0,Eastern Boreal Floodplain,NA,NA,NA,NA,NA,NA,NA
14440_41_50_51_UN,14440_41_50_51,UN,0,Eastern Boreal Floodplain,1577,6,493,14440,50,8751,5
14440_41_50_51_UN,14440_41_50_51,UN,0,Eastern Boreal Floodplain,1633,6,1585,14440,51,7689,20
14440_41_50_51_UE,14440_41_50_51,UE,0,Eastern Boreal Floodplain,1577,7,29,14440,50,8751,0
14440_41_50_51_UE,14440_41_50_51,UE,0,Eastern Boreal Floodplain,1633,7,74,14440,51,7689,0
14660_50_51_A,14660_50_51,A,23,Great Lakes Wooded Dune and Swale,NA,NA,NA,NA,NA,NA,NA
14660_50_51_B,14660_50_51,B,23,Great Lakes Wooded Dune and Swale,NA,NA,NA,NA,NA,NA,NA
14660_50_51_C,14660_50_51,C,27,Great Lakes Wooded Dune and Swale,1634,3,6,14660,51,6,100
14660_50_51_D,14660_50_51,D,27,Great Lakes Wooded Dune and Swale,NA,NA,NA,NA,NA,NA,NA
14660_50_51_E,14660_50_51,E,NA,Great Lakes Wooded Dune and Swale,NA,NA,NA,NA,NA,NA,NA
14660_50_51_Agriculture,14660_50_51,Agriculture,0,Great Lakes Wooded Dune and Swale,NA,NA,NA,NA,NA,NA,NA
14660_50_51_Developed,14660_50_51,Developed,0,Great Lakes Wooded Dune and Swale,NA,NA,NA,NA,NA,NA,NA
14660_50_51_Water,14660_50_51,Water,0,Great Lakes Wooded Dune and Swale,NA,NA,NA,NA,NA,NA,NA
14660_50_51_UN,14660_50_51,UN,0,Great Lakes Wooded Dune and Swale,NA,NA,NA,NA,NA,NA,NA
14660_50_51_UE,14660_50_51,UE,0,Great Lakes Wooded Dune and Swale,NA,NA,NA,NA,NA,NA,NA
14750_41_50_51_63_64_65_66_A,14750_41_50_51_63_64_65_66,A,16,Laurentian-Acadian Floodplain Systems,NA,NA,NA,NA,NA,NA,NA
14750_41_50_51_63_64_65_66_B,14750_41_50_51_63_64_65_66,B,23,Laurentian-Acadian Floodplain Systems,1580,2,900,14750,50,16873,5
14750_41_50_51_63_64_65_66_B,14750_41_50_51_63_64_65_66,B,23,Laurentian-Acadian Floodplain Systems,1636,2,181,14750,51,10623,1
14750_41_50_51_63_64_65_66_C,14750_41_50_51_63_64_65_66,C,44,Laurentian-Acadian Floodplain Systems,1580,3,6329,14750,50,16873,37
14750_41_50_51_63_64_65_66_C,14750_41_50_51_63_64_65_66,C,44,Laurentian-Acadian Floodplain Systems,1636,3,6235,14750,51,10623,58
14750_41_50_51_63_64_65_66_D,14750_41_50_51_63_64_65_66,D,17,Laurentian-Acadian Floodplain Systems,NA,NA,NA,NA,NA,NA,NA
14750_41_50_51_63_64_65_66_E,14750_41_50_51_63_64_65_66,E,NA,Laurentian-Acadian Floodplain Systems,NA,NA,NA,NA,NA,NA,NA
14750_41_50_51_63_64_65_66_Agriculture,14750_41_50_51_63_64_65_66,Agriculture,0,Laurentian-Acadian Floodplain Systems,1580,180,128,14750,50,16873,0
14750_41_50_51_63_64_65_66_Agriculture,14750_41_50_51_63_64_65_66,Agriculture,0,Laurentian-Acadian Floodplain Systems,1636,180,32,14750,51,10623,0
14750_41_50_51_63_64_65_66_Developed,14750_41_50_51_63_64_65_66,Developed,0,Laurentian-Acadian Floodplain Systems,1580,120,227,14750,50,16873,1
14750_41_50_51_63_64_65_66_Developed,14750_41_50_51_63_64_65_66,Developed,0,Laurentian-Acadian Floodplain Systems,1636,120,92,14750,51,10623,0
14750_41_50_51_63_64_65_66_Water,14750_41_50_51_63_64_65_66,Water,0,Laurentian-Acadian Floodplain Systems,NA,NA,NA,NA,NA,NA,NA
14750_41_50_51_63_64_65_66_UN,14750_41_50_51_63_64_65_66,UN,0,Laurentian-Acadian Floodplain Systems,1580,6,9060,14750,50,16873,53
14750_41_50_51_63_64_65_66_UN,14750_41_50_51_63_64_65_66,UN,0,Laurentian-Acadian Floodplain Systems,1636,6,3842,14750,51,10623,36
14750_41_50_51_63_64_65_66_UE,14750_41_50_51_63_64_65_66,UE,0,Laurentian-Acadian Floodplain Systems,1580,7,229,14750,50,16873,1
14750_41_50_51_63_64_65_66_UE,14750_41_50_51_63_64_65_66,UE,0,Laurentian-Acadian Floodplain Systems,1636,7,241,14750,51,10623,2
14770_40_41_50_51_A,14770_40_41_50_51,A,14,Boreal Acidic Peatland Systems,1581,1,8348,14770,50,354079,2
14770_40_41_50_51_A,14770_40_41_50_51,A,14,Boreal Acidic Peatland Systems,1637,1,9920,14770,51,381238,2
14770_40_41_50_51_B,14770_40_41_50_51,B,16,Boreal Acidic Peatland Systems,1581,2,9191,14770,50,354079,2
14770_40_41_50_51_B,14770_40_41_50_51,B,16,Boreal Acidic Peatland Systems,1637,2,12853,14770,51,381238,3
14770_40_41_50_51_C,14770_40_41_50_51,C,38,Boreal Acidic Peatland Systems,1581,3,56501,14770,50,354079,15
14770_40_41_50_51_C,14770_40_41_50_51,C,38,Boreal Acidic Peatland Systems,1637,3,78565,14770,51,381238,20
14770_40_41_50_51_D,14770_40_41_50_51,D,23,Boreal Acidic Peatland Systems,1581,4,259958,14770,50,354079,73
14770_40_41_50_51_D,14770_40_41_50_51,D,23,Boreal Acidic Peatland Systems,1637,4,263990,14770,51,381238,69
14770_40_41_50_51_E,14770_40_41_50_51,E,9,Boreal Acidic Peatland Systems,1581,5,47,14770,50,354079,0
14770_40_41_50_51_E,14770_40_41_50_51,E,9,Boreal Acidic Peatland Systems,1637,5,87,14770,51,381238,0
14770_40_41_50_51_Agriculture,14770_40_41_50_51,Agriculture,0,Boreal Acidic Peatland Systems,1581,180,996,14770,50,354079,0
14770_40_41_50_51_Agriculture,14770_40_41_50_51,Agriculture,0,Boreal Acidic Peatland Systems,1637,180,901,14770,51,381238,0
14770_40_41_50_51_Developed,14770_40_41_50_51,Developed,0,Boreal Acidic Peatland Systems,1581,120,9353,14770,50,354079,2
14770_40_41_50_51_Developed,14770_40_41_50_51,Developed,0,Boreal Acidic Peatland Systems,1637,120,6057,14770,51,381238,1
14770_40_41_50_51_Water,14770_40_41_50_51,Water,0,Boreal Acidic Peatland Systems,NA,NA,NA,NA,NA,NA,NA
14770_40_41_50_51_UN,14770_40_41_50_51,UN,0,Boreal Acidic Peatland Systems,1581,6,4951,14770,50,354079,1
14770_40_41_50_51_UN,14770_40_41_50_51,UN,0,Boreal Acidic Peatland Systems,1637,6,5298,14770,51,381238,1
14770_40_41_50_51_UE,14770_40_41_50_51,UE,0,Boreal Acidic Peatland Systems,1581,7,4734,14770,50,354079,1
14770_40_41_50_51_UE,14770_40_41_50_51,UE,0,Boreal Acidic Peatland Systems,1637,7,3567,14770,51,381238,0
14810_41_50_51_63_A,14810_41_50_51_63,A,14,Laurentian-Acadian Alkaline Conifer-Hardwood Swamp,1583,1,2308,14810,50,147770,1
14810_41_50_51_63_A,14810_41_50_51_63,A,14,Laurentian-Acadian Alkaline Conifer-Hardwood Swamp,1639,1,8593,14810,51,438536,1
14810_41_50_51_63_B,14810_41_50_51_63,B,11,Laurentian-Acadian Alkaline Conifer-Hardwood Swamp,1583,2,1137,14810,50,147770,0
14810_41_50_51_63_B,14810_41_50_51_63,B,11,Laurentian-Acadian Alkaline Conifer-Hardwood Swamp,1639,2,3198,14810,51,438536,0
14810_41_50_51_63_C,14810_41_50_51_63,C,21,Laurentian-Acadian Alkaline Conifer-Hardwood Swamp,1583,3,39778,14810,50,147770,26
14810_41_50_51_63_C,14810_41_50_51_63,C,21,Laurentian-Acadian Alkaline Conifer-Hardwood Swamp,1639,3,153814,14810,51,438536,35
14810_41_50_51_63_D,14810_41_50_51_63,D,54,Laurentian-Acadian Alkaline Conifer-Hardwood Swamp,1583,4,101270,14810,50,147770,68
14810_41_50_51_63_D,14810_41_50_51_63,D,54,Laurentian-Acadian Alkaline Conifer-Hardwood Swamp,1639,4,265148,14810,51,438536,60
14810_41_50_51_63_E,14810_41_50_51_63,E,NA,Laurentian-Acadian Alkaline Conifer-Hardwood Swamp,NA,NA,NA,NA,NA,NA,NA
14810_41_50_51_63_Agriculture,14810_41_50_51_63,Agriculture,0,Laurentian-Acadian Alkaline Conifer-Hardwood Swamp,1583,180,78,14810,50,147770,0
14810_41_50_51_63_Agriculture,14810_41_50_51_63,Agriculture,0,Laurentian-Acadian Alkaline Conifer-Hardwood Swamp,1639,180,699,14810,51,438536,0
14810_41_50_51_63_Developed,14810_41_50_51_63,Developed,0,Laurentian-Acadian Alkaline Conifer-Hardwood Swamp,1583,120,2392,14810,50,147770,1
14810_41_50_51_63_Developed,14810_41_50_51_63,Developed,0,Laurentian-Acadian Alkaline Conifer-Hardwood Swamp,1639,120,4551,14810,51,438536,1
14810_41_50_51_63_Water,14810_41_50_51_63,Water,0,Laurentian-Acadian Alkaline Conifer-Hardwood Swamp,NA,NA,NA,NA,NA,NA,NA
14810_41_50_51_63_UN,14810_41_50_51_63,UN,0,Laurentian-Acadian Alkaline Conifer-Hardwood Swamp,NA,NA,NA,NA,NA,NA,NA
14810_41_50_51_63_UE,14810_41_50_51_63,UE,0,Laurentian-Acadian Alkaline Conifer-Hardwood Swamp,1583,7,807,14810,50,147770,0
14810_41_50_51_63_UE,14810_41_50_51_63,UE,0,Laurentian-Acadian Alkaline Conifer-Hardwood Swamp,1639,7,2533,14810,51,438536,0
14920_41_50_51_52_63_A,14920_41_50_51_52_63,A,22,Great Lakes Coastal Marsh Systems,NA,NA,NA,NA,NA,NA,NA
14920_41_50_51_52_63_B,14920_41_50_51_52_63,B,22,Great Lakes Coastal Marsh Systems,NA,NA,NA,NA,NA,NA,NA
14920_41_50_51_52_63_C,14920_41_50_51_52_63,C,56,Great Lakes Coastal Marsh Systems,NA,NA,NA,NA,NA,NA,NA
14920_41_50_51_52_63_D,14920_41_50_51_52_63,D,NA,Great Lakes Coastal Marsh Systems,NA,NA,NA,NA,NA,NA,NA
14920_41_50_51_52_63_E,14920_41_50_51_52_63,E,NA,Great Lakes Coastal Marsh Systems,NA,NA,NA,NA,NA,NA,NA
14920_41_50_51_52_63_Agriculture,14920_41_50_51_52_63,Agriculture,0,Great Lakes Coastal Marsh Systems,1640,180,2,14920,51,25,8
14920_41_50_51_52_63_Developed,14920_41_50_51_52_63,Developed,0,Great Lakes Coastal Marsh Systems,1640,120,1,14920,51,25,4
14920_41_50_51_52_63_Water,14920_41_50_51_52_63,Water,0,Great Lakes Coastal Marsh Systems,NA,NA,NA,NA,NA,NA,NA
14920_41_50_51_52_63_UN,14920_41_50_51_52_63,UN,0,Great Lakes Coastal Marsh Systems,1640,6,12,14920,51,25,48
14920_41_50_51_52_63_UE,14920_41_50_51_52_63,UE,0,Great Lakes Coastal Marsh Systems,1640,7,10,14920,51,25,40
14940_41_50_51_A,14940_41_50_51,A,8,Laurentian-Acadian Shrub-Herbaceous Wetland Systems,1586,1,11,14940,50,26999,0
14940_41_50_51_B,14940_41_50_51,B,56,Laurentian-Acadian Shrub-Herbaceous Wetland Systems,1586,2,591,14940,50,26999,2
14940_41_50_51_B,14940_41_50_51,B,56,Laurentian-Acadian Shrub-Herbaceous Wetland Systems,1641,2,4,14940,51,38,10
14940_41_50_51_C,14940_41_50_51,C,31,Laurentian-Acadian Shrub-Herbaceous Wetland Systems,1586,3,25,14940,50,26999,0
14940_41_50_51_D,14940_41_50_51,D,5,Laurentian-Acadian Shrub-Herbaceous Wetland Systems,1586,4,19603,14940,50,26999,72
14940_41_50_51_D,14940_41_50_51,D,5,Laurentian-Acadian Shrub-Herbaceous Wetland Systems,1641,4,18,14940,51,38,47
14940_41_50_51_E,14940_41_50_51,E,NA,Laurentian-Acadian Shrub-Herbaceous Wetland Systems,NA,NA,NA,NA,NA,NA,NA
14940_41_50_51_Agriculture,14940_41_50_51,Agriculture,0,Laurentian-Acadian Shrub-Herbaceous Wetland Systems,1586,180,73,14940,50,26999,0
14940_41_50_51_Developed,14940_41_50_51,Developed,0,Laurentian-Acadian Shrub-Herbaceous Wetland Systems,1586,120,575,14940,50,26999,2
14940_41_50_51_Water,14940_41_50_51,Water,0,Laurentian-Acadian Shrub-Herbaceous Wetland Systems,NA,NA,NA,NA,NA,NA,NA
14940_41_50_51_UN,14940_41_50_51,UN,0,Laurentian-Acadian Shrub-Herbaceous Wetland Systems,1586,6,5913,14940,50,26999,21
14940_41_50_51_UN,14940_41_50_51,UN,0,Laurentian-Acadian Shrub-Herbaceous Wetland Systems,1641,6,11,14940,51,38,28
14940_41_50_51_UE,14940_41_50_51,UE,0,Laurentian-Acadian Shrub-Herbaceous Wetland Systems,1586,7,208,14940,50,26999,0
14940_41_50_51_UE,14940_41_50_51,UE,0,Laurentian-Acadian Shrub-Herbaceous Wetland Systems,1641,7,5,14940,51,38,13
